Nombre_Archivo,Ruta_Absoluta,XREF_Corrupta,Detalle_XREF,Tiene_Metadatos,Cant_Imagenes
ACTA DE HALLAZGOS.pdf,/media/andrea-zabala-c/ANZACA/E14 Registraduria/ACTA DE HALLAZGOS.pdf,False,El archivo mantiene su estructura íntegra,True,0
ACTA_HALLAZGOS_COMPLETA_FINAL.pdf,/media/andrea-zabala-c/ANZACA/E14 Registraduria/ACTA_HALLAZGOS_COMPLETA_FINAL.pdf,False,El archivo mantiene su estructura íntegra,True,0
ANALISIS TECNICO CON COMANDOS (1).pdf,/media/andrea-zabala-c/ANZACA/E14 Registraduria/ANALISIS TECNICO CON COMANDOS (1).pdf,False,El archivo mantiene su estructura íntegra,False,0
ANALISIS TECNICO CON COMANDOS.pdf,/media/andrea-zabala-c/ANZACA/E14 Registraduria/ANALISIS TECNICO CON COMANDOS.pdf,False,El archivo mantiene su estructura íntegra,False,0
ANEXO TECNICO COMANDOS Y HERRAMIENTAS.pdf,/media/andrea-zabala-c/ANZACA/E14 Registraduria/ANEXO TECNICO COMANDOS Y HERRAMIENTAS.pdf,False,El archivo mantiene su estructura íntegra,True,0
ANEXO TECNICO CONFIABLIDIDAD (1).pdf,/media/andrea-zabala-c/ANZACA/E14 Registraduria/ANEXO TECNICO CONFIABLIDIDAD (1).pdf,False,El archivo mantiene su estructura íntegra,True,0
ANEXO TECNICO CONFIABLIDIDAD.pdf,/media/andrea-zabala-c/ANZACA/E14 Registraduria/ANEXO TECNICO CONFIABLIDIDAD.pdf,False,El archivo mantiene su estructura íntegra,True,0
Ampliacion.pdf,/media/andrea-zabala-c/ANZACA/E14 Registraduria/Ampliacion.pdf,False,El archivo mantiene su estructura íntegra,False,0
Anexo 1 - T__cnico Forense.pdf,/media/andrea-zabala-c/ANZACA/E14 Registraduria/Anexo 1 - T__cnico Forense.pdf,False,El archivo mantiene su estructura íntegra,True,0
Anexo T__cnico - Comandos Forenses.pdf,/media/andrea-zabala-c/ANZACA/E14 Registraduria/Anexo T__cnico - Comandos Forenses.pdf,False,El archivo mantiene su estructura íntegra,False,0
Anexo Técnico - Comandos Forenses V2.pdf,/media/andrea-zabala-c/ANZACA/E14 Registraduria/Anexo Técnico - Comandos Forenses V2.pdf,False,El archivo mantiene su estructura íntegra,False,0
BLINDAJE JURIDICO.pdf,/media/andrea-zabala-c/ANZACA/E14 Registraduria/BLINDAJE JURIDICO.pdf,False,El archivo mantiene su estructura íntegra,True,0
BLINDAJE_JURIDICO.pdf,/media/andrea-zabala-c/ANZACA/E14 Registraduria/BLINDAJE_JURIDICO.pdf,False,El archivo mantiene su estructura íntegra,True,0
E14_XXX_X_01_004_000_00_000_X_XXX.pdf,/media/andrea-zabala-c/ANZACA/E14 Registraduria/Carpeta Denuncia-20260604T231505Z-3-001 (2)/Carpeta Denuncia/ANEXO_6_PDFs/E14_XXX_X_01_004_000_00_000_X_XXX.pdf,True,WARNING: /media/andrea-zabala-c/ANZACA/E14 Registraduria/Carpeta Denuncia-20260604T231505Z-3-001 (2)/Carpeta Denuncia/ANEXO_6_PDFs/E14_XXX_X_01_004_000_00_000_X_XXX.pdf: reported number of objects (20) is not one plus the highest object number (18) qpdf: operation succeeded with warnings,False,0
E14_XXX_X_88_130_005_02_000_X_XXX.pdf,/media/andrea-zabala-c/ANZACA/E14 Registraduria/Carpeta Denuncia-20260604T231505Z-3-001 (2)/Carpeta Denuncia/ANEXO_6_PDFs/E14_XXX_X_88_130_005_02_000_X_XXX.pdf,True,WARNING: /media/andrea-zabala-c/ANZACA/E14 Registraduria/Carpeta Denuncia-20260604T231505Z-3-001 (2)/Carpeta Denuncia/ANEXO_6_PDFs/E14_XXX_X_88_130_005_02_000_X_XXX.pdf: reported number of objects (26) is not one plus the highest object number (24) qpdf: operation succeeded with warnings,False,0
E14_XXX_X_88_160_005_86_000_X_XXX.pdf,/media/andrea-zabala-c/ANZACA/E14 Registraduria/Carpeta Denuncia-20260604T231505Z-3-001 (2)/Carpeta Denuncia/ANEXO_6_PDFs/E14_XXX_X_88_160_005_86_000_X_XXX.pdf,True,WARNING: /media/andrea-zabala-c/ANZACA/E14 Registraduria/Carpeta Denuncia-20260604T231505Z-3-001 (2)/Carpeta Denuncia/ANEXO_6_PDFs/E14_XXX_X_88_160_005_86_000_X_XXX.pdf: reported number of objects (20) is not one plus the highest object number (18) qpdf: operation succeeded with warnings,False,0
E14_XXX_X_88_220_005_02_000_X_XXX.pdf,/media/andrea-zabala-c/ANZACA/E14 Registraduria/Carpeta Denuncia-20260604T231505Z-3-001 (2)/Carpeta Denuncia/ANEXO_6_PDFs/E14_XXX_X_88_220_005_02_000_X_XXX.pdf,True,WARNING: /media/andrea-zabala-c/ANZACA/E14 Registraduria/Carpeta Denuncia-20260604T231505Z-3-001 (2)/Carpeta Denuncia/ANEXO_6_PDFs/E14_XXX_X_88_220_005_02_000_X_XXX.pdf: reported number of objects (20) is not one plus the highest object number (18) qpdf: operation succeeded with warnings,False,0
E14_XXX_X_88_220_005_82_000_X_XXX.pdf,/media/andrea-zabala-c/ANZACA/E14 Registraduria/Carpeta Denuncia-20260604T231505Z-3-001 (2)/Carpeta Denuncia/ANEXO_6_PDFs/E14_XXX_X_88_220_005_82_000_X_XXX.pdf,True,WARNING: /media/andrea-zabala-c/ANZACA/E14 Registraduria/Carpeta Denuncia-20260604T231505Z-3-001 (2)/Carpeta Denuncia/ANEXO_6_PDFs/E14_XXX_X_88_220_005_82_000_X_XXX.pdf: reported number of objects (26) is not one plus the highest object number (24) qpdf: operation succeeded with warnings,False,0
E14_XXX_X_88_355_003_02_000_X_XXX-1.pdf,/media/andrea-zabala-c/ANZACA/E14 Registraduria/Carpeta Denuncia-20260604T231505Z-3-001 (2)/Carpeta Denuncia/ANEXO_6_PDFs/E14_XXX_X_88_355_003_02_000_X_XXX-1.pdf,True,WARNING: /media/andrea-zabala-c/ANZACA/E14 Registraduria/Carpeta Denuncia-20260604T231505Z-3-001 (2)/Carpeta Denuncia/ANEXO_6_PDFs/E14_XXX_X_88_355_003_02_000_X_XXX-1.pdf: reported number of objects (20) is not one plus the highest object number (18) qpdf: operation succeeded with warnings,False,0
E14_XXX_X_88_355_003_02_000_X_XXX-2.pdf,/media/andrea-zabala-c/ANZACA/E14 Registraduria/Carpeta Denuncia-20260604T231505Z-3-001 (2)/Carpeta Denuncia/ANEXO_6_PDFs/E14_XXX_X_88_355_003_02_000_X_XXX-2.pdf,True,WARNING: /media/andrea-zabala-c/ANZACA/E14 Registraduria/Carpeta Denuncia-20260604T231505Z-3-001 (2)/Carpeta Denuncia/ANEXO_6_PDFs/E14_XXX_X_88_355_003_02_000_X_XXX-2.pdf: reported number of objects (20) is not one plus the highest object number (18) qpdf: operation succeeded with warnings,False,0
E14_XXX_X_88_355_003_02_000_X_XXX.pdf,/media/andrea-zabala-c/ANZACA/E14 Registraduria/Carpeta Denuncia-20260604T231505Z-3-001 (2)/Carpeta Denuncia/ANEXO_6_PDFs/E14_XXX_X_88_355_003_02_000_X_XXX.pdf,True,WARNING: /media/andrea-zabala-c/ANZACA/E14 Registraduria/Carpeta Denuncia-20260604T231505Z-3-001 (2)/Carpeta Denuncia/ANEXO_6_PDFs/E14_XXX_X_88_355_003_02_000_X_XXX.pdf: reported number of objects (20) is not one plus the highest object number (18) qpdf: operation succeeded with warnings,False,0
E14_XXX_X_88_355_003_83_000_X_XXX-1.pdf,/media/andrea-zabala-c/ANZACA/E14 Registraduria/Carpeta Denuncia-20260604T231505Z-3-001 (2)/Carpeta Denuncia/ANEXO_6_PDFs/E14_XXX_X_88_355_003_83_000_X_XXX-1.pdf,True,WARNING: /media/andrea-zabala-c/ANZACA/E14 Registraduria/Carpeta Denuncia-20260604T231505Z-3-001 (2)/Carpeta Denuncia/ANEXO_6_PDFs/E14_XXX_X_88_355_003_83_000_X_XXX-1.pdf: reported number of objects (20) is not one plus the highest object number (18) qpdf: operation succeeded with warnings,False,0
E14_XXX_X_88_355_003_83_000_X_XXX.pdf,/media/andrea-zabala-c/ANZACA/E14 Registraduria/Carpeta Denuncia-20260604T231505Z-3-001 (2)/Carpeta Denuncia/ANEXO_6_PDFs/E14_XXX_X_88_355_003_83_000_X_XXX.pdf,True,WARNING: /media/andrea-zabala-c/ANZACA/E14 Registraduria/Carpeta Denuncia-20260604T231505Z-3-001 (2)/Carpeta Denuncia/ANEXO_6_PDFs/E14_XXX_X_88_355_003_83_000_X_XXX.pdf: reported number of objects (20) is not one plus the highest object number (18) qpdf: operation succeeded with warnings,False,0
E14_XXX_X_88_355_003_86_000_X_XXX-1.pdf,/media/andrea-zabala-c/ANZACA/E14 Registraduria/Carpeta Denuncia-20260604T231505Z-3-001 (2)/Carpeta Denuncia/ANEXO_6_PDFs/E14_XXX_X_88_355_003_86_000_X_XXX-1.pdf,True,WARNING: /media/andrea-zabala-c/ANZACA/E14 Registraduria/Carpeta Denuncia-20260604T231505Z-3-001 (2)/Carpeta Denuncia/ANEXO_6_PDFs/E14_XXX_X_88_355_003_86_000_X_XXX-1.pdf: reported number of objects (20) is not one plus the highest object number (18) qpdf: operation succeeded with warnings,False,0
E14_XXX_X_88_355_003_86_000_X_XXX.pdf,/media/andrea-zabala-c/ANZACA/E14 Registraduria/Carpeta Denuncia-20260604T231505Z-3-001 (2)/Carpeta Denuncia/ANEXO_6_PDFs/E14_XXX_X_88_355_003_86_000_X_XXX.pdf,True,WARNING: /media/andrea-zabala-c/ANZACA/E14 Registraduria/Carpeta Denuncia-20260604T231505Z-3-001 (2)/Carpeta Denuncia/ANEXO_6_PDFs/E14_XXX_X_88_355_003_86_000_X_XXX.pdf: reported number of objects (20) is not one plus the highest object number (18) qpdf: operation succeeded with warnings,False,0
E14_XXX_X_88_360_035_02_000_X_XXX (1).pdf,/media/andrea-zabala-c/ANZACA/E14 Registraduria/Carpeta Denuncia-20260604T231505Z-3-001 (2)/Carpeta Denuncia/ANEXO_6_PDFs/E14_XXX_X_88_360_035_02_000_X_XXX (1).pdf,True,WARNING: /media/andrea-zabala-c/ANZACA/E14 Registraduria/Carpeta Denuncia-20260604T231505Z-3-001 (2)/Carpeta Denuncia/ANEXO_6_PDFs/E14_XXX_X_88_360_035_02_000_X_XXX (1).pdf: reported number of objects (21) is not one plus the highest object number (19) qpdf: operation succeeded with warnings,False,0
E14_XXX_X_88_360_035_02_000_X_XXX (10).pdf,/media/andrea-zabala-c/ANZACA/E14 Registraduria/Carpeta Denuncia-20260604T231505Z-3-001 (2)/Carpeta Denuncia/ANEXO_6_PDFs/E14_XXX_X_88_360_035_02_000_X_XXX (10).pdf,True,WARNING: /media/andrea-zabala-c/ANZACA/E14 Registraduria/Carpeta Denuncia-20260604T231505Z-3-001 (2)/Carpeta Denuncia/ANEXO_6_PDFs/E14_XXX_X_88_360_035_02_000_X_XXX (10).pdf: reported number of objects (21) is not one plus the highest object number (19) qpdf: operation succeeded with warnings,False,0
E14_XXX_X_88_360_035_02_000_X_XXX (11).pdf,/media/andrea-zabala-c/ANZACA/E14 Registraduria/Carpeta Denuncia-20260604T231505Z-3-001 (2)/Carpeta Denuncia/ANEXO_6_PDFs/E14_XXX_X_88_360_035_02_000_X_XXX (11).pdf,True,WARNING: /media/andrea-zabala-c/ANZACA/E14 Registraduria/Carpeta Denuncia-20260604T231505Z-3-001 (2)/Carpeta Denuncia/ANEXO_6_PDFs/E14_XXX_X_88_360_035_02_000_X_XXX (11).pdf: reported number of objects (23) is not one plus the highest object number (21) qpdf: operation succeeded with warnings,False,0
E14_XXX_X_88_360_035_02_000_X_XXX (12).pdf,/media/andrea-zabala-c/ANZACA/E14 Registraduria/Carpeta Denuncia-20260604T231505Z-3-001 (2)/Carpeta Denuncia/ANEXO_6_PDFs/E14_XXX_X_88_360_035_02_000_X_XXX (12).pdf,True,WARNING: /media/andrea-zabala-c/ANZACA/E14 Registraduria/Carpeta Denuncia-20260604T231505Z-3-001 (2)/Carpeta Denuncia/ANEXO_6_PDFs/E14_XXX_X_88_360_035_02_000_X_XXX (12).pdf: reported number of objects (22) is not one plus the highest object number (20) qpdf: operation succeeded with warnings,False,0
E14_XXX_X_88_360_035_02_000_X_XXX (13).pdf,/media/andrea-zabala-c/ANZACA/E14 Registraduria/Carpeta Denuncia-20260604T231505Z-3-001 (2)/Carpeta Denuncia/ANEXO_6_PDFs/E14_XXX_X_88_360_035_02_000_X_XXX (13).pdf,True,WARNING: /media/andrea-zabala-c/ANZACA/E14 Registraduria/Carpeta Denuncia-20260604T231505Z-3-001 (2)/Carpeta Denuncia/ANEXO_6_PDFs/E14_XXX_X_88_360_035_02_000_X_XXX (13).pdf: reported number of objects (22) is not one plus the highest object number (20) qpdf: operation succeeded with warnings,False,0
E14_XXX_X_88_360_035_02_000_X_XXX (14).pdf,/media/andrea-zabala-c/ANZACA/E14 Registraduria/Carpeta Denuncia-20260604T231505Z-3-001 (2)/Carpeta Denuncia/ANEXO_6_PDFs/E14_XXX_X_88_360_035_02_000_X_XXX (14).pdf,True,WARNING: /media/andrea-zabala-c/ANZACA/E14 Registraduria/Carpeta Denuncia-20260604T231505Z-3-001 (2)/Carpeta Denuncia/ANEXO_6_PDFs/E14_XXX_X_88_360_035_02_000_X_XXX (14).pdf: reported number of objects (23) is not one plus the highest object number (21) qpdf: operation succeeded with warnings,False,0
E14_XXX_X_88_360_035_02_000_X_XXX (15).pdf,/media/andrea-zabala-c/ANZACA/E14 Registraduria/Carpeta Denuncia-20260604T231505Z-3-001 (2)/Carpeta Denuncia/ANEXO_6_PDFs/E14_XXX_X_88_360_035_02_000_X_XXX (15).pdf,True,WARNING: /media/andrea-zabala-c/ANZACA/E14 Registraduria/Carpeta Denuncia-20260604T231505Z-3-001 (2)/Carpeta Denuncia/ANEXO_6_PDFs/E14_XXX_X_88_360_035_02_000_X_XXX (15).pdf: reported number of objects (21) is not one plus the highest object number (19) qpdf: operation succeeded with warnings,False,0
E14_XXX_X_88_360_035_02_000_X_XXX (16).pdf,/media/andrea-zabala-c/ANZACA/E14 Registraduria/Carpeta Denuncia-20260604T231505Z-3-001 (2)/Carpeta Denuncia/ANEXO_6_PDFs/E14_XXX_X_88_360_035_02_000_X_XXX (16).pdf,True,WARNING: /media/andrea-zabala-c/ANZACA/E14 Registraduria/Carpeta Denuncia-20260604T231505Z-3-001 (2)/Carpeta Denuncia/ANEXO_6_PDFs/E14_XXX_X_88_360_035_02_000_X_XXX (16).pdf: reported number of objects (22) is not one plus the highest object number (20) qpdf: operation succeeded with warnings,False,0
E14_XXX_X_88_360_035_02_000_X_XXX (17).pdf,/media/andrea-zabala-c/ANZACA/E14 Registraduria/Carpeta Denuncia-20260604T231505Z-3-001 (2)/Carpeta Denuncia/ANEXO_6_PDFs/E14_XXX_X_88_360_035_02_000_X_XXX (17).pdf,True,WARNING: /media/andrea-zabala-c/ANZACA/E14 Registraduria/Carpeta Denuncia-20260604T231505Z-3-001 (2)/Carpeta Denuncia/ANEXO_6_PDFs/E14_XXX_X_88_360_035_02_000_X_XXX (17).pdf: reported number of objects (21) is not one plus the highest object number (19) qpdf: operation succeeded with warnings,False,0
E14_XXX_X_88_360_035_02_000_X_XXX (18).pdf,/media/andrea-zabala-c/ANZACA/E14 Registraduria/Carpeta Denuncia-20260604T231505Z-3-001 (2)/Carpeta Denuncia/ANEXO_6_PDFs/E14_XXX_X_88_360_035_02_000_X_XXX (18).pdf,True,WARNING: /media/andrea-zabala-c/ANZACA/E14 Registraduria/Carpeta Denuncia-20260604T231505Z-3-001 (2)/Carpeta Denuncia/ANEXO_6_PDFs/E14_XXX_X_88_360_035_02_000_X_XXX (18).pdf: reported number of objects (20) is not one plus the highest object number (18) qpdf: operation succeeded with warnings,False,0
E14_XXX_X_88_360_035_02_000_X_XXX (2).pdf,/media/andrea-zabala-c/ANZACA/E14 Registraduria/Carpeta Denuncia-20260604T231505Z-3-001 (2)/Carpeta Denuncia/ANEXO_6_PDFs/E14_XXX_X_88_360_035_02_000_X_XXX (2).pdf,True,WARNING: /media/andrea-zabala-c/ANZACA/E14 Registraduria/Carpeta Denuncia-20260604T231505Z-3-001 (2)/Carpeta Denuncia/ANEXO_6_PDFs/E14_XXX_X_88_360_035_02_000_X_XXX (2).pdf: reported number of objects (20) is not one plus the highest object number (18) qpdf: operation succeeded with warnings,False,0
E14_XXX_X_88_360_035_02_000_X_XXX (3).pdf,/media/andrea-zabala-c/ANZACA/E14 Registraduria/Carpeta Denuncia-20260604T231505Z-3-001 (2)/Carpeta Denuncia/ANEXO_6_PDFs/E14_XXX_X_88_360_035_02_000_X_XXX (3).pdf,True,WARNING: /media/andrea-zabala-c/ANZACA/E14 Registraduria/Carpeta Denuncia-20260604T231505Z-3-001 (2)/Carpeta Denuncia/ANEXO_6_PDFs/E14_XXX_X_88_360_035_02_000_X_XXX (3).pdf: reported number of objects (21) is not one plus the highest object number (19) qpdf: operation succeeded with warnings,False,0
E14_XXX_X_88_360_035_02_000_X_XXX (4).pdf,/media/andrea-zabala-c/ANZACA/E14 Registraduria/Carpeta Denuncia-20260604T231505Z-3-001 (2)/Carpeta Denuncia/ANEXO_6_PDFs/E14_XXX_X_88_360_035_02_000_X_XXX (4).pdf,True,WARNING: /media/andrea-zabala-c/ANZACA/E14 Registraduria/Carpeta Denuncia-20260604T231505Z-3-001 (2)/Carpeta Denuncia/ANEXO_6_PDFs/E14_XXX_X_88_360_035_02_000_X_XXX (4).pdf: reported number of objects (22) is not one plus the highest object number (20) qpdf: operation succeeded with warnings,False,0
E14_XXX_X_88_360_035_02_000_X_XXX (5).pdf,/media/andrea-zabala-c/ANZACA/E14 Registraduria/Carpeta Denuncia-20260604T231505Z-3-001 (2)/Carpeta Denuncia/ANEXO_6_PDFs/E14_XXX_X_88_360_035_02_000_X_XXX (5).pdf,True,WARNING: /media/andrea-zabala-c/ANZACA/E14 Registraduria/Carpeta Denuncia-20260604T231505Z-3-001 (2)/Carpeta Denuncia/ANEXO_6_PDFs/E14_XXX_X_88_360_035_02_000_X_XXX (5).pdf: reported number of objects (22) is not one plus the highest object number (20) qpdf: operation succeeded with warnings,False,0
E14_XXX_X_88_360_035_02_000_X_XXX (6).pdf,/media/andrea-zabala-c/ANZACA/E14 Registraduria/Carpeta Denuncia-20260604T231505Z-3-001 (2)/Carpeta Denuncia/ANEXO_6_PDFs/E14_XXX_X_88_360_035_02_000_X_XXX (6).pdf,True,WARNING: /media/andrea-zabala-c/ANZACA/E14 Registraduria/Carpeta Denuncia-20260604T231505Z-3-001 (2)/Carpeta Denuncia/ANEXO_6_PDFs/E14_XXX_X_88_360_035_02_000_X_XXX (6).pdf: reported number of objects (23) is not one plus the highest object number (21) qpdf: operation succeeded with warnings,False,0
E14_XXX_X_88_360_035_02_000_X_XXX (7).pdf,/media/andrea-zabala-c/ANZACA/E14 Registraduria/Carpeta Denuncia-20260604T231505Z-3-001 (2)/Carpeta Denuncia/ANEXO_6_PDFs/E14_XXX_X_88_360_035_02_000_X_XXX (7).pdf,True,WARNING: /media/andrea-zabala-c/ANZACA/E14 Registraduria/Carpeta Denuncia-20260604T231505Z-3-001 (2)/Carpeta Denuncia/ANEXO_6_PDFs/E14_XXX_X_88_360_035_02_000_X_XXX (7).pdf: reported number of objects (21) is not one plus the highest object number (19) qpdf: operation succeeded with warnings,False,0
E14_XXX_X_88_360_035_02_000_X_XXX (8).pdf,/media/andrea-zabala-c/ANZACA/E14 Registraduria/Carpeta Denuncia-20260604T231505Z-3-001 (2)/Carpeta Denuncia/ANEXO_6_PDFs/E14_XXX_X_88_360_035_02_000_X_XXX (8).pdf,True,WARNING: /media/andrea-zabala-c/ANZACA/E14 Registraduria/Carpeta Denuncia-20260604T231505Z-3-001 (2)/Carpeta Denuncia/ANEXO_6_PDFs/E14_XXX_X_88_360_035_02_000_X_XXX (8).pdf: reported number of objects (20) is not one plus the highest object number (18) qpdf: operation succeeded with warnings,False,0
E14_XXX_X_88_360_035_02_000_X_XXX (9).pdf,/media/andrea-zabala-c/ANZACA/E14 Registraduria/Carpeta Denuncia-20260604T231505Z-3-001 (2)/Carpeta Denuncia/ANEXO_6_PDFs/E14_XXX_X_88_360_035_02_000_X_XXX (9).pdf,True,WARNING: /media/andrea-zabala-c/ANZACA/E14 Registraduria/Carpeta Denuncia-20260604T231505Z-3-001 (2)/Carpeta Denuncia/ANEXO_6_PDFs/E14_XXX_X_88_360_035_02_000_X_XXX (9).pdf: reported number of objects (22) is not one plus the highest object number (20) qpdf: operation succeeded with warnings,False,0
E14_XXX_X_88_360_035_02_000_X_XXX-1.pdf,/media/andrea-zabala-c/ANZACA/E14 Registraduria/Carpeta Denuncia-20260604T231505Z-3-001 (2)/Carpeta Denuncia/ANEXO_6_PDFs/E14_XXX_X_88_360_035_02_000_X_XXX-1.pdf,True,WARNING: /media/andrea-zabala-c/ANZACA/E14 Registraduria/Carpeta Denuncia-20260604T231505Z-3-001 (2)/Carpeta Denuncia/ANEXO_6_PDFs/E14_XXX_X_88_360_035_02_000_X_XXX-1.pdf: reported number of objects (21) is not one plus the highest object number (19) qpdf: operation succeeded with warnings,False,0
E14_XXX_X_88_360_035_02_000_X_XXX-2.pdf,/media/andrea-zabala-c/ANZACA/E14 Registraduria/Carpeta Denuncia-20260604T231505Z-3-001 (2)/Carpeta Denuncia/ANEXO_6_PDFs/E14_XXX_X_88_360_035_02_000_X_XXX-2.pdf,True,WARNING: /media/andrea-zabala-c/ANZACA/E14 Registraduria/Carpeta Denuncia-20260604T231505Z-3-001 (2)/Carpeta Denuncia/ANEXO_6_PDFs/E14_XXX_X_88_360_035_02_000_X_XXX-2.pdf: reported number of objects (23) is not one plus the highest object number (21) qpdf: operation succeeded with warnings,False,0
E14_XXX_X_88_360_035_02_000_X_XXX-3.pdf,/media/andrea-zabala-c/ANZACA/E14 Registraduria/Carpeta Denuncia-20260604T231505Z-3-001 (2)/Carpeta Denuncia/ANEXO_6_PDFs/E14_XXX_X_88_360_035_02_000_X_XXX-3.pdf,True,WARNING: /media/andrea-zabala-c/ANZACA/E14 Registraduria/Carpeta Denuncia-20260604T231505Z-3-001 (2)/Carpeta Denuncia/ANEXO_6_PDFs/E14_XXX_X_88_360_035_02_000_X_XXX-3.pdf: reported number of objects (20) is not one plus the highest object number (18) qpdf: operation succeeded with warnings,False,0
E14_XXX_X_88_360_035_02_000_X_XXX-4.pdf,/media/andrea-zabala-c/ANZACA/E14 Registraduria/Carpeta Denuncia-20260604T231505Z-3-001 (2)/Carpeta Denuncia/ANEXO_6_PDFs/E14_XXX_X_88_360_035_02_000_X_XXX-4.pdf,True,WARNING: /media/andrea-zabala-c/ANZACA/E14 Registraduria/Carpeta Denuncia-20260604T231505Z-3-001 (2)/Carpeta Denuncia/ANEXO_6_PDFs/E14_XXX_X_88_360_035_02_000_X_XXX-4.pdf: reported number of objects (21) is not one plus the highest object number (19) qpdf: operation succeeded with warnings,False,0
E14_XXX_X_88_360_035_02_000_X_XXX-5.pdf,/media/andrea-zabala-c/ANZACA/E14 Registraduria/Carpeta Denuncia-20260604T231505Z-3-001 (2)/Carpeta Denuncia/ANEXO_6_PDFs/E14_XXX_X_88_360_035_02_000_X_XXX-5.pdf,True,WARNING: /media/andrea-zabala-c/ANZACA/E14 Registraduria/Carpeta Denuncia-20260604T231505Z-3-001 (2)/Carpeta Denuncia/ANEXO_6_PDFs/E14_XXX_X_88_360_035_02_000_X_XXX-5.pdf: reported number of objects (20) is not one plus the highest object number (18) qpdf: operation succeeded with warnings,False,0
E14_XXX_X_88_360_035_02_000_X_XXX-6.pdf,/media/andrea-zabala-c/ANZACA/E14 Registraduria/Carpeta Denuncia-20260604T231505Z-3-001 (2)/Carpeta Denuncia/ANEXO_6_PDFs/E14_XXX_X_88_360_035_02_000_X_XXX-6.pdf,True,WARNING: /media/andrea-zabala-c/ANZACA/E14 Registraduria/Carpeta Denuncia-20260604T231505Z-3-001 (2)/Carpeta Denuncia/ANEXO_6_PDFs/E14_XXX_X_88_360_035_02_000_X_XXX-6.pdf: reported number of objects (21) is not one plus the highest object number (19) qpdf: operation succeeded with warnings,False,0
E14_XXX_X_88_360_035_02_000_X_XXX-7.pdf,/media/andrea-zabala-c/ANZACA/E14 Registraduria/Carpeta Denuncia-20260604T231505Z-3-001 (2)/Carpeta Denuncia/ANEXO_6_PDFs/E14_XXX_X_88_360_035_02_000_X_XXX-7.pdf,True,WARNING: /media/andrea-zabala-c/ANZACA/E14 Registraduria/Carpeta Denuncia-20260604T231505Z-3-001 (2)/Carpeta Denuncia/ANEXO_6_PDFs/E14_XXX_X_88_360_035_02_000_X_XXX-7.pdf: reported number of objects (21) is not one plus the highest object number (19) qpdf: operation succeeded with warnings,False,0
E14_XXX_X_88_360_035_02_000_X_XXX-8.pdf,/media/andrea-zabala-c/ANZACA/E14 Registraduria/Carpeta Denuncia-20260604T231505Z-3-001 (2)/Carpeta Denuncia/ANEXO_6_PDFs/E14_XXX_X_88_360_035_02_000_X_XXX-8.pdf,True,WARNING: /media/andrea-zabala-c/ANZACA/E14 Registraduria/Carpeta Denuncia-20260604T231505Z-3-001 (2)/Carpeta Denuncia/ANEXO_6_PDFs/E14_XXX_X_88_360_035_02_000_X_XXX-8.pdf: reported number of objects (21) is not one plus the highest object number (19) qpdf: operation succeeded with warnings,False,0
E14_XXX_X_88_360_035_02_000_X_XXX-9.pdf,/media/andrea-zabala-c/ANZACA/E14 Registraduria/Carpeta Denuncia-20260604T231505Z-3-001 (2)/Carpeta Denuncia/ANEXO_6_PDFs/E14_XXX_X_88_360_035_02_000_X_XXX-9.pdf,True,WARNING: /media/andrea-zabala-c/ANZACA/E14 Registraduria/Carpeta Denuncia-20260604T231505Z-3-001 (2)/Carpeta Denuncia/ANEXO_6_PDFs/E14_XXX_X_88_360_035_02_000_X_XXX-9.pdf: reported number of objects (20) is not one plus the highest object number (18) qpdf: operation succeeded with warnings,False,0
E14_XXX_X_88_360_035_02_000_X_XXX.pdf,/media/andrea-zabala-c/ANZACA/E14 Registraduria/Carpeta Denuncia-20260604T231505Z-3-001 (2)/Carpeta Denuncia/ANEXO_6_PDFs/E14_XXX_X_88_360_035_02_000_X_XXX.pdf,True,WARNING: /media/andrea-zabala-c/ANZACA/E14 Registraduria/Carpeta Denuncia-20260604T231505Z-3-001 (2)/Carpeta Denuncia/ANEXO_6_PDFs/E14_XXX_X_88_360_035_02_000_X_XXX.pdf: reported number of objects (21) is not one plus the highest object number (19) qpdf: operation succeeded with warnings,False,0
E14_XXX_X_88_360_035_04_000_X_XXX.pdf,/media/andrea-zabala-c/ANZACA/E14 Registraduria/Carpeta Denuncia-20260604T231505Z-3-001 (2)/Carpeta Denuncia/ANEXO_6_PDFs/E14_XXX_X_88_360_035_04_000_X_XXX.pdf,True,WARNING: /media/andrea-zabala-c/ANZACA/E14 Registraduria/Carpeta Denuncia-20260604T231505Z-3-001 (2)/Carpeta Denuncia/ANEXO_6_PDFs/E14_XXX_X_88_360_035_04_000_X_XXX.pdf: reported number of objects (20) is not one plus the highest object number (18) qpdf: operation succeeded with warnings,False,0
E14_XXX_X_88_360_035_05_000_X_XXX (1).pdf,/media/andrea-zabala-c/ANZACA/E14 Registraduria/Carpeta Denuncia-20260604T231505Z-3-001 (2)/Carpeta Denuncia/ANEXO_6_PDFs/E14_XXX_X_88_360_035_05_000_X_XXX (1).pdf,True,WARNING: /media/andrea-zabala-c/ANZACA/E14 Registraduria/Carpeta Denuncia-20260604T231505Z-3-001 (2)/Carpeta Denuncia/ANEXO_6_PDFs/E14_XXX_X_88_360_035_05_000_X_XXX (1).pdf: reported number of objects (20) is not one plus the highest object number (18) qpdf: operation succeeded with warnings,False,0
E14_XXX_X_88_360_035_05_000_X_XXX (2).pdf,/media/andrea-zabala-c/ANZACA/E14 Registraduria/Carpeta Denuncia-20260604T231505Z-3-001 (2)/Carpeta Denuncia/ANEXO_6_PDFs/E14_XXX_X_88_360_035_05_000_X_XXX (2).pdf,True,WARNING: /media/andrea-zabala-c/ANZACA/E14 Registraduria/Carpeta Denuncia-20260604T231505Z-3-001 (2)/Carpeta Denuncia/ANEXO_6_PDFs/E14_XXX_X_88_360_035_05_000_X_XXX (2).pdf: reported number of objects (20) is not one plus the highest object number (18) qpdf: operation succeeded with warnings,False,0
E14_XXX_X_88_360_035_05_000_X_XXX.pdf,/media/andrea-zabala-c/ANZACA/E14 Registraduria/Carpeta Denuncia-20260604T231505Z-3-001 (2)/Carpeta Denuncia/ANEXO_6_PDFs/E14_XXX_X_88_360_035_05_000_X_XXX.pdf,True,WARNING: /media/andrea-zabala-c/ANZACA/E14 Registraduria/Carpeta Denuncia-20260604T231505Z-3-001 (2)/Carpeta Denuncia/ANEXO_6_PDFs/E14_XXX_X_88_360_035_05_000_X_XXX.pdf: reported number of objects (21) is not one plus the highest object number (19) qpdf: operation succeeded with warnings,False,0
E14_XXX_X_88_360_035_06_000_X_XXX (1).pdf,/media/andrea-zabala-c/ANZACA/E14 Registraduria/Carpeta Denuncia-20260604T231505Z-3-001 (2)/Carpeta Denuncia/ANEXO_6_PDFs/E14_XXX_X_88_360_035_06_000_X_XXX (1).pdf,True,WARNING: /media/andrea-zabala-c/ANZACA/E14 Registraduria/Carpeta Denuncia-20260604T231505Z-3-001 (2)/Carpeta Denuncia/ANEXO_6_PDFs/E14_XXX_X_88_360_035_06_000_X_XXX (1).pdf: reported number of objects (23) is not one plus the highest object number (21) qpdf: operation succeeded with warnings,False,0
E14_XXX_X_88_360_035_06_000_X_XXX.pdf,/media/andrea-zabala-c/ANZACA/E14 Registraduria/Carpeta Denuncia-20260604T231505Z-3-001 (2)/Carpeta Denuncia/ANEXO_6_PDFs/E14_XXX_X_88_360_035_06_000_X_XXX.pdf,True,WARNING: /media/andrea-zabala-c/ANZACA/E14 Registraduria/Carpeta Denuncia-20260604T231505Z-3-001 (2)/Carpeta Denuncia/ANEXO_6_PDFs/E14_XXX_X_88_360_035_06_000_X_XXX.pdf: reported number of objects (22) is not one plus the highest object number (20) qpdf: operation succeeded with warnings,False,0
E14_XXX_X_88_360_035_81_000_X_XXX-1.pdf,/media/andrea-zabala-c/ANZACA/E14 Registraduria/Carpeta Denuncia-20260604T231505Z-3-001 (2)/Carpeta Denuncia/ANEXO_6_PDFs/E14_XXX_X_88_360_035_81_000_X_XXX-1.pdf,True,WARNING: /media/andrea-zabala-c/ANZACA/E14 Registraduria/Carpeta Denuncia-20260604T231505Z-3-001 (2)/Carpeta Denuncia/ANEXO_6_PDFs/E14_XXX_X_88_360_035_81_000_X_XXX-1.pdf: reported number of objects (23) is not one plus the highest object number (21) qpdf: operation succeeded with warnings,False,0
E14_XXX_X_88_360_035_81_000_X_XXX.pdf,/media/andrea-zabala-c/ANZACA/E14 Registraduria/Carpeta Denuncia-20260604T231505Z-3-001 (2)/Carpeta Denuncia/ANEXO_6_PDFs/E14_XXX_X_88_360_035_81_000_X_XXX.pdf,True,WARNING: /media/andrea-zabala-c/ANZACA/E14 Registraduria/Carpeta Denuncia-20260604T231505Z-3-001 (2)/Carpeta Denuncia/ANEXO_6_PDFs/E14_XXX_X_88_360_035_81_000_X_XXX.pdf: reported number of objects (23) is not one plus the highest object number (21) qpdf: operation succeeded with warnings,False,0
E14_XXX_X_88_360_035_82_000_X_XXX-1.pdf,/media/andrea-zabala-c/ANZACA/E14 Registraduria/Carpeta Denuncia-20260604T231505Z-3-001 (2)/Carpeta Denuncia/ANEXO_6_PDFs/E14_XXX_X_88_360_035_82_000_X_XXX-1.pdf,True,WARNING: /media/andrea-zabala-c/ANZACA/E14 Registraduria/Carpeta Denuncia-20260604T231505Z-3-001 (2)/Carpeta Denuncia/ANEXO_6_PDFs/E14_XXX_X_88_360_035_82_000_X_XXX-1.pdf: reported number of objects (26) is not one plus the highest object number (24) qpdf: operation succeeded with warnings,False,0
E14_XXX_X_88_360_035_82_000_X_XXX.pdf,/media/andrea-zabala-c/ANZACA/E14 Registraduria/Carpeta Denuncia-20260604T231505Z-3-001 (2)/Carpeta Denuncia/ANEXO_6_PDFs/E14_XXX_X_88_360_035_82_000_X_XXX.pdf,True,WARNING: /media/andrea-zabala-c/ANZACA/E14 Registraduria/Carpeta Denuncia-20260604T231505Z-3-001 (2)/Carpeta Denuncia/ANEXO_6_PDFs/E14_XXX_X_88_360_035_82_000_X_XXX.pdf: reported number of objects (26) is not one plus the highest object number (24) qpdf: operation succeeded with warnings,False,0
E14_XXX_X_88_360_035_83_000_X_XXX-1.pdf,/media/andrea-zabala-c/ANZACA/E14 Registraduria/Carpeta Denuncia-20260604T231505Z-3-001 (2)/Carpeta Denuncia/ANEXO_6_PDFs/E14_XXX_X_88_360_035_83_000_X_XXX-1.pdf,True,WARNING: /media/andrea-zabala-c/ANZACA/E14 Registraduria/Carpeta Denuncia-20260604T231505Z-3-001 (2)/Carpeta Denuncia/ANEXO_6_PDFs/E14_XXX_X_88_360_035_83_000_X_XXX-1.pdf: reported number of objects (26) is not one plus the highest object number (24) qpdf: operation succeeded with warnings,False,0
E14_XXX_X_88_360_035_83_000_X_XXX.pdf,/media/andrea-zabala-c/ANZACA/E14 Registraduria/Carpeta Denuncia-20260604T231505Z-3-001 (2)/Carpeta Denuncia/ANEXO_6_PDFs/E14_XXX_X_88_360_035_83_000_X_XXX.pdf,True,WARNING: /media/andrea-zabala-c/ANZACA/E14 Registraduria/Carpeta Denuncia-20260604T231505Z-3-001 (2)/Carpeta Denuncia/ANEXO_6_PDFs/E14_XXX_X_88_360_035_83_000_X_XXX.pdf: reported number of objects (26) is not one plus the highest object number (24) qpdf: operation succeeded with warnings,False,0
E14_XXX_X_88_360_035_84_000_X_XXX.pdf,/media/andrea-zabala-c/ANZACA/E14 Registraduria/Carpeta Denuncia-20260604T231505Z-3-001 (2)/Carpeta Denuncia/ANEXO_6_PDFs/E14_XXX_X_88_360_035_84_000_X_XXX.pdf,True,WARNING: /media/andrea-zabala-c/ANZACA/E14 Registraduria/Carpeta Denuncia-20260604T231505Z-3-001 (2)/Carpeta Denuncia/ANEXO_6_PDFs/E14_XXX_X_88_360_035_84_000_X_XXX.pdf: reported number of objects (26) is not one plus the highest object number (24) qpdf: operation succeeded with warnings,False,0
E14_XXX_X_88_360_035_85_000_X_XXX-1.pdf,/media/andrea-zabala-c/ANZACA/E14 Registraduria/Carpeta Denuncia-20260604T231505Z-3-001 (2)/Carpeta Denuncia/ANEXO_6_PDFs/E14_XXX_X_88_360_035_85_000_X_XXX-1.pdf,True,WARNING: /media/andrea-zabala-c/ANZACA/E14 Registraduria/Carpeta Denuncia-20260604T231505Z-3-001 (2)/Carpeta Denuncia/ANEXO_6_PDFs/E14_XXX_X_88_360_035_85_000_X_XXX-1.pdf: reported number of objects (26) is not one plus the highest object number (24) qpdf: operation succeeded with warnings,False,0
E14_XXX_X_88_360_035_85_000_X_XXX-2.pdf,/media/andrea-zabala-c/ANZACA/E14 Registraduria/Carpeta Denuncia-20260604T231505Z-3-001 (2)/Carpeta Denuncia/ANEXO_6_PDFs/E14_XXX_X_88_360_035_85_000_X_XXX-2.pdf,True,WARNING: /media/andrea-zabala-c/ANZACA/E14 Registraduria/Carpeta Denuncia-20260604T231505Z-3-001 (2)/Carpeta Denuncia/ANEXO_6_PDFs/E14_XXX_X_88_360_035_85_000_X_XXX-2.pdf: reported number of objects (26) is not one plus the highest object number (24) qpdf: operation succeeded with warnings,False,0
E14_XXX_X_88_360_035_85_000_X_XXX.pdf,/media/andrea-zabala-c/ANZACA/E14 Registraduria/Carpeta Denuncia-20260604T231505Z-3-001 (2)/Carpeta Denuncia/ANEXO_6_PDFs/E14_XXX_X_88_360_035_85_000_X_XXX.pdf,True,WARNING: /media/andrea-zabala-c/ANZACA/E14 Registraduria/Carpeta Denuncia-20260604T231505Z-3-001 (2)/Carpeta Denuncia/ANEXO_6_PDFs/E14_XXX_X_88_360_035_85_000_X_XXX.pdf: reported number of objects (26) is not one plus the highest object number (24) qpdf: operation succeeded with warnings,False,0
E14_XXX_X_88_360_035_86_000_X_XXX (1).pdf,/media/andrea-zabala-c/ANZACA/E14 Registraduria/Carpeta Denuncia-20260604T231505Z-3-001 (2)/Carpeta Denuncia/ANEXO_6_PDFs/E14_XXX_X_88_360_035_86_000_X_XXX (1).pdf,True,WARNING: /media/andrea-zabala-c/ANZACA/E14 Registraduria/Carpeta Denuncia-20260604T231505Z-3-001 (2)/Carpeta Denuncia/ANEXO_6_PDFs/E14_XXX_X_88_360_035_86_000_X_XXX (1).pdf: reported number of objects (26) is not one plus the highest object number (24) qpdf: operation succeeded with warnings,False,0
E14_XXX_X_88_360_035_86_000_X_XXX-1.pdf,/media/andrea-zabala-c/ANZACA/E14 Registraduria/Carpeta Denuncia-20260604T231505Z-3-001 (2)/Carpeta Denuncia/ANEXO_6_PDFs/E14_XXX_X_88_360_035_86_000_X_XXX-1.pdf,True,WARNING: /media/andrea-zabala-c/ANZACA/E14 Registraduria/Carpeta Denuncia-20260604T231505Z-3-001 (2)/Carpeta Denuncia/ANEXO_6_PDFs/E14_XXX_X_88_360_035_86_000_X_XXX-1.pdf: reported number of objects (26) is not one plus the highest object number (24) qpdf: operation succeeded with warnings,False,0
E14_XXX_X_88_360_035_86_000_X_XXX-2.pdf,/media/andrea-zabala-c/ANZACA/E14 Registraduria/Carpeta Denuncia-20260604T231505Z-3-001 (2)/Carpeta Denuncia/ANEXO_6_PDFs/E14_XXX_X_88_360_035_86_000_X_XXX-2.pdf,True,WARNING: /media/andrea-zabala-c/ANZACA/E14 Registraduria/Carpeta Denuncia-20260604T231505Z-3-001 (2)/Carpeta Denuncia/ANEXO_6_PDFs/E14_XXX_X_88_360_035_86_000_X_XXX-2.pdf: reported number of objects (25) is not one plus the highest object number (23) qpdf: operation succeeded with warnings,False,0
E14_XXX_X_88_360_035_86_000_X_XXX-3.pdf,/media/andrea-zabala-c/ANZACA/E14 Registraduria/Carpeta Denuncia-20260604T231505Z-3-001 (2)/Carpeta Denuncia/ANEXO_6_PDFs/E14_XXX_X_88_360_035_86_000_X_XXX-3.pdf,True,WARNING: /media/andrea-zabala-c/ANZACA/E14 Registraduria/Carpeta Denuncia-20260604T231505Z-3-001 (2)/Carpeta Denuncia/ANEXO_6_PDFs/E14_XXX_X_88_360_035_86_000_X_XXX-3.pdf: reported number of objects (26) is not one plus the highest object number (24) qpdf: operation succeeded with warnings,False,0
E14_XXX_X_88_360_035_86_000_X_XXX.pdf,/media/andrea-zabala-c/ANZACA/E14 Registraduria/Carpeta Denuncia-20260604T231505Z-3-001 (2)/Carpeta Denuncia/ANEXO_6_PDFs/E14_XXX_X_88_360_035_86_000_X_XXX.pdf,True,WARNING: /media/andrea-zabala-c/ANZACA/E14 Registraduria/Carpeta Denuncia-20260604T231505Z-3-001 (2)/Carpeta Denuncia/ANEXO_6_PDFs/E14_XXX_X_88_360_035_86_000_X_XXX.pdf: reported number of objects (26) is not one plus the highest object number (24) qpdf: operation succeeded with warnings,False,0
E14_XXX_X_01_004_000_00_000_X_XXX.pdf,/media/andrea-zabala-c/ANZACA/E14 Registraduria/Carpeta Denuncia-20260604T231505Z-3-001/Carpeta Denuncia/ANEXO_6_PDFs/E14_XXX_X_01_004_000_00_000_X_XXX.pdf,True,WARNING: /media/andrea-zabala-c/ANZACA/E14 Registraduria/Carpeta Denuncia-20260604T231505Z-3-001/Carpeta Denuncia/ANEXO_6_PDFs/E14_XXX_X_01_004_000_00_000_X_XXX.pdf: reported number of objects (20) is not one plus the highest object number (18) qpdf: operation succeeded with warnings,False,0
E14_XXX_X_88_130_005_02_000_X_XXX.pdf,/media/andrea-zabala-c/ANZACA/E14 Registraduria/Carpeta Denuncia-20260604T231505Z-3-001/Carpeta Denuncia/ANEXO_6_PDFs/E14_XXX_X_88_130_005_02_000_X_XXX.pdf,True,WARNING: /media/andrea-zabala-c/ANZACA/E14 Registraduria/Carpeta Denuncia-20260604T231505Z-3-001/Carpeta Denuncia/ANEXO_6_PDFs/E14_XXX_X_88_130_005_02_000_X_XXX.pdf: reported number of objects (26) is not one plus the highest object number (24) qpdf: operation succeeded with warnings,False,0
E14_XXX_X_88_160_005_86_000_X_XXX.pdf,/media/andrea-zabala-c/ANZACA/E14 Registraduria/Carpeta Denuncia-20260604T231505Z-3-001/Carpeta Denuncia/ANEXO_6_PDFs/E14_XXX_X_88_160_005_86_000_X_XXX.pdf,True,WARNING: /media/andrea-zabala-c/ANZACA/E14 Registraduria/Carpeta Denuncia-20260604T231505Z-3-001/Carpeta Denuncia/ANEXO_6_PDFs/E14_XXX_X_88_160_005_86_000_X_XXX.pdf: reported number of objects (20) is not one plus the highest object number (18) qpdf: operation succeeded with warnings,False,0
E14_XXX_X_88_220_005_02_000_X_XXX.pdf,/media/andrea-zabala-c/ANZACA/E14 Registraduria/Carpeta Denuncia-20260604T231505Z-3-001/Carpeta Denuncia/ANEXO_6_PDFs/E14_XXX_X_88_220_005_02_000_X_XXX.pdf,True,WARNING: /media/andrea-zabala-c/ANZACA/E14 Registraduria/Carpeta Denuncia-20260604T231505Z-3-001/Carpeta Denuncia/ANEXO_6_PDFs/E14_XXX_X_88_220_005_02_000_X_XXX.pdf: reported number of objects (20) is not one plus the highest object number (18) qpdf: operation succeeded with warnings,False,0
E14_XXX_X_88_220_005_82_000_X_XXX.pdf,/media/andrea-zabala-c/ANZACA/E14 Registraduria/Carpeta Denuncia-20260604T231505Z-3-001/Carpeta Denuncia/ANEXO_6_PDFs/E14_XXX_X_88_220_005_82_000_X_XXX.pdf,True,WARNING: /media/andrea-zabala-c/ANZACA/E14 Registraduria/Carpeta Denuncia-20260604T231505Z-3-001/Carpeta Denuncia/ANEXO_6_PDFs/E14_XXX_X_88_220_005_82_000_X_XXX.pdf: reported number of objects (26) is not one plus the highest object number (24) qpdf: operation succeeded with warnings,False,0
E14_XXX_X_88_355_003_02_000_X_XXX-1.pdf,/media/andrea-zabala-c/ANZACA/E14 Registraduria/Carpeta Denuncia-20260604T231505Z-3-001/Carpeta Denuncia/ANEXO_6_PDFs/E14_XXX_X_88_355_003_02_000_X_XXX-1.pdf,True,WARNING: /media/andrea-zabala-c/ANZACA/E14 Registraduria/Carpeta Denuncia-20260604T231505Z-3-001/Carpeta Denuncia/ANEXO_6_PDFs/E14_XXX_X_88_355_003_02_000_X_XXX-1.pdf: reported number of objects (20) is not one plus the highest object number (18) qpdf: operation succeeded with warnings,False,0
E14_XXX_X_88_355_003_02_000_X_XXX-2.pdf,/media/andrea-zabala-c/ANZACA/E14 Registraduria/Carpeta Denuncia-20260604T231505Z-3-001/Carpeta Denuncia/ANEXO_6_PDFs/E14_XXX_X_88_355_003_02_000_X_XXX-2.pdf,True,WARNING: /media/andrea-zabala-c/ANZACA/E14 Registraduria/Carpeta Denuncia-20260604T231505Z-3-001/Carpeta Denuncia/ANEXO_6_PDFs/E14_XXX_X_88_355_003_02_000_X_XXX-2.pdf: reported number of objects (20) is not one plus the highest object number (18) qpdf: operation succeeded with warnings,False,0
E14_XXX_X_88_355_003_02_000_X_XXX.pdf,/media/andrea-zabala-c/ANZACA/E14 Registraduria/Carpeta Denuncia-20260604T231505Z-3-001/Carpeta Denuncia/ANEXO_6_PDFs/E14_XXX_X_88_355_003_02_000_X_XXX.pdf,True,WARNING: /media/andrea-zabala-c/ANZACA/E14 Registraduria/Carpeta Denuncia-20260604T231505Z-3-001/Carpeta Denuncia/ANEXO_6_PDFs/E14_XXX_X_88_355_003_02_000_X_XXX.pdf: reported number of objects (20) is not one plus the highest object number (18) qpdf: operation succeeded with warnings,False,0
E14_XXX_X_88_355_003_83_000_X_XXX-1.pdf,/media/andrea-zabala-c/ANZACA/E14 Registraduria/Carpeta Denuncia-20260604T231505Z-3-001/Carpeta Denuncia/ANEXO_6_PDFs/E14_XXX_X_88_355_003_83_000_X_XXX-1.pdf,True,WARNING: /media/andrea-zabala-c/ANZACA/E14 Registraduria/Carpeta Denuncia-20260604T231505Z-3-001/Carpeta Denuncia/ANEXO_6_PDFs/E14_XXX_X_88_355_003_83_000_X_XXX-1.pdf: reported number of objects (20) is not one plus the highest object number (18) qpdf: operation succeeded with warnings,False,0
E14_XXX_X_88_355_003_83_000_X_XXX.pdf,/media/andrea-zabala-c/ANZACA/E14 Registraduria/Carpeta Denuncia-20260604T231505Z-3-001/Carpeta Denuncia/ANEXO_6_PDFs/E14_XXX_X_88_355_003_83_000_X_XXX.pdf,True,WARNING: /media/andrea-zabala-c/ANZACA/E14 Registraduria/Carpeta Denuncia-20260604T231505Z-3-001/Carpeta Denuncia/ANEXO_6_PDFs/E14_XXX_X_88_355_003_83_000_X_XXX.pdf: reported number of objects (20) is not one plus the highest object number (18) qpdf: operation succeeded with warnings,False,0
E14_XXX_X_88_355_003_86_000_X_XXX-1.pdf,/media/andrea-zabala-c/ANZACA/E14 Registraduria/Carpeta Denuncia-20260604T231505Z-3-001/Carpeta Denuncia/ANEXO_6_PDFs/E14_XXX_X_88_355_003_86_000_X_XXX-1.pdf,True,WARNING: /media/andrea-zabala-c/ANZACA/E14 Registraduria/Carpeta Denuncia-20260604T231505Z-3-001/Carpeta Denuncia/ANEXO_6_PDFs/E14_XXX_X_88_355_003_86_000_X_XXX-1.pdf: reported number of objects (20) is not one plus the highest object number (18) qpdf: operation succeeded with warnings,False,0
E14_XXX_X_88_355_003_86_000_X_XXX.pdf,/media/andrea-zabala-c/ANZACA/E14 Registraduria/Carpeta Denuncia-20260604T231505Z-3-001/Carpeta Denuncia/ANEXO_6_PDFs/E14_XXX_X_88_355_003_86_000_X_XXX.pdf,True,WARNING: /media/andrea-zabala-c/ANZACA/E14 Registraduria/Carpeta Denuncia-20260604T231505Z-3-001/Carpeta Denuncia/ANEXO_6_PDFs/E14_XXX_X_88_355_003_86_000_X_XXX.pdf: reported number of objects (20) is not one plus the highest object number (18) qpdf: operation succeeded with warnings,False,0
E14_XXX_X_88_360_035_02_000_X_XXX (1).pdf,/media/andrea-zabala-c/ANZACA/E14 Registraduria/Carpeta Denuncia-20260604T231505Z-3-001/Carpeta Denuncia/ANEXO_6_PDFs/E14_XXX_X_88_360_035_02_000_X_XXX (1).pdf,True,WARNING: /media/andrea-zabala-c/ANZACA/E14 Registraduria/Carpeta Denuncia-20260604T231505Z-3-001/Carpeta Denuncia/ANEXO_6_PDFs/E14_XXX_X_88_360_035_02_000_X_XXX (1).pdf: reported number of objects (21) is not one plus the highest object number (19) qpdf: operation succeeded with warnings,False,0
E14_XXX_X_88_360_035_02_000_X_XXX (10).pdf,/media/andrea-zabala-c/ANZACA/E14 Registraduria/Carpeta Denuncia-20260604T231505Z-3-001/Carpeta Denuncia/ANEXO_6_PDFs/E14_XXX_X_88_360_035_02_000_X_XXX (10).pdf,True,WARNING: /media/andrea-zabala-c/ANZACA/E14 Registraduria/Carpeta Denuncia-20260604T231505Z-3-001/Carpeta Denuncia/ANEXO_6_PDFs/E14_XXX_X_88_360_035_02_000_X_XXX (10).pdf: reported number of objects (21) is not one plus the highest object number (19) qpdf: operation succeeded with warnings,False,0
E14_XXX_X_88_360_035_02_000_X_XXX (11).pdf,/media/andrea-zabala-c/ANZACA/E14 Registraduria/Carpeta Denuncia-20260604T231505Z-3-001/Carpeta Denuncia/ANEXO_6_PDFs/E14_XXX_X_88_360_035_02_000_X_XXX (11).pdf,True,WARNING: /media/andrea-zabala-c/ANZACA/E14 Registraduria/Carpeta Denuncia-20260604T231505Z-3-001/Carpeta Denuncia/ANEXO_6_PDFs/E14_XXX_X_88_360_035_02_000_X_XXX (11).pdf: reported number of objects (23) is not one plus the highest object number (21) qpdf: operation succeeded with warnings,False,0
E14_XXX_X_88_360_035_02_000_X_XXX (12).pdf,/media/andrea-zabala-c/ANZACA/E14 Registraduria/Carpeta Denuncia-20260604T231505Z-3-001/Carpeta Denuncia/ANEXO_6_PDFs/E14_XXX_X_88_360_035_02_000_X_XXX (12).pdf,True,WARNING: /media/andrea-zabala-c/ANZACA/E14 Registraduria/Carpeta Denuncia-20260604T231505Z-3-001/Carpeta Denuncia/ANEXO_6_PDFs/E14_XXX_X_88_360_035_02_000_X_XXX (12).pdf: reported number of objects (22) is not one plus the highest object number (20) qpdf: operation succeeded with warnings,False,0
E14_XXX_X_88_360_035_02_000_X_XXX (13).pdf,/media/andrea-zabala-c/ANZACA/E14 Registraduria/Carpeta Denuncia-20260604T231505Z-3-001/Carpeta Denuncia/ANEXO_6_PDFs/E14_XXX_X_88_360_035_02_000_X_XXX (13).pdf,True,WARNING: /media/andrea-zabala-c/ANZACA/E14 Registraduria/Carpeta Denuncia-20260604T231505Z-3-001/Carpeta Denuncia/ANEXO_6_PDFs/E14_XXX_X_88_360_035_02_000_X_XXX (13).pdf: reported number of objects (22) is not one plus the highest object number (20) qpdf: operation succeeded with warnings,False,0
E14_XXX_X_88_360_035_02_000_X_XXX (14).pdf,/media/andrea-zabala-c/ANZACA/E14 Registraduria/Carpeta Denuncia-20260604T231505Z-3-001/Carpeta Denuncia/ANEXO_6_PDFs/E14_XXX_X_88_360_035_02_000_X_XXX (14).pdf,True,WARNING: /media/andrea-zabala-c/ANZACA/E14 Registraduria/Carpeta Denuncia-20260604T231505Z-3-001/Carpeta Denuncia/ANEXO_6_PDFs/E14_XXX_X_88_360_035_02_000_X_XXX (14).pdf: reported number of objects (23) is not one plus the highest object number (21) qpdf: operation succeeded with warnings,False,0
E14_XXX_X_88_360_035_02_000_X_XXX (15).pdf,/media/andrea-zabala-c/ANZACA/E14 Registraduria/Carpeta Denuncia-20260604T231505Z-3-001/Carpeta Denuncia/ANEXO_6_PDFs/E14_XXX_X_88_360_035_02_000_X_XXX (15).pdf,True,WARNING: /media/andrea-zabala-c/ANZACA/E14 Registraduria/Carpeta Denuncia-20260604T231505Z-3-001/Carpeta Denuncia/ANEXO_6_PDFs/E14_XXX_X_88_360_035_02_000_X_XXX (15).pdf: reported number of objects (21) is not one plus the highest object number (19) qpdf: operation succeeded with warnings,False,0
E14_XXX_X_88_360_035_02_000_X_XXX (16).pdf,/media/andrea-zabala-c/ANZACA/E14 Registraduria/Carpeta Denuncia-20260604T231505Z-3-001/Carpeta Denuncia/ANEXO_6_PDFs/E14_XXX_X_88_360_035_02_000_X_XXX (16).pdf,True,WARNING: /media/andrea-zabala-c/ANZACA/E14 Registraduria/Carpeta Denuncia-20260604T231505Z-3-001/Carpeta Denuncia/ANEXO_6_PDFs/E14_XXX_X_88_360_035_02_000_X_XXX (16).pdf: reported number of objects (22) is not one plus the highest object number (20) qpdf: operation succeeded with warnings,False,0
E14_XXX_X_88_360_035_02_000_X_XXX (17).pdf,/media/andrea-zabala-c/ANZACA/E14 Registraduria/Carpeta Denuncia-20260604T231505Z-3-001/Carpeta Denuncia/ANEXO_6_PDFs/E14_XXX_X_88_360_035_02_000_X_XXX (17).pdf,True,WARNING: /media/andrea-zabala-c/ANZACA/E14 Registraduria/Carpeta Denuncia-20260604T231505Z-3-001/Carpeta Denuncia/ANEXO_6_PDFs/E14_XXX_X_88_360_035_02_000_X_XXX (17).pdf: reported number of objects (21) is not one plus the highest object number (19) qpdf: operation succeeded with warnings,False,0
E14_XXX_X_88_360_035_02_000_X_XXX (18).pdf,/media/andrea-zabala-c/ANZACA/E14 Registraduria/Carpeta Denuncia-20260604T231505Z-3-001/Carpeta Denuncia/ANEXO_6_PDFs/E14_XXX_X_88_360_035_02_000_X_XXX (18).pdf,True,WARNING: /media/andrea-zabala-c/ANZACA/E14 Registraduria/Carpeta Denuncia-20260604T231505Z-3-001/Carpeta Denuncia/ANEXO_6_PDFs/E14_XXX_X_88_360_035_02_000_X_XXX (18).pdf: reported number of objects (20) is not one plus the highest object number (18) qpdf: operation succeeded with warnings,False,0
E14_XXX_X_88_360_035_02_000_X_XXX (2).pdf,/media/andrea-zabala-c/ANZACA/E14 Registraduria/Carpeta Denuncia-20260604T231505Z-3-001/Carpeta Denuncia/ANEXO_6_PDFs/E14_XXX_X_88_360_035_02_000_X_XXX (2).pdf,True,WARNING: /media/andrea-zabala-c/ANZACA/E14 Registraduria/Carpeta Denuncia-20260604T231505Z-3-001/Carpeta Denuncia/ANEXO_6_PDFs/E14_XXX_X_88_360_035_02_000_X_XXX (2).pdf: reported number of objects (20) is not one plus the highest object number (18) qpdf: operation succeeded with warnings,False,0
E14_XXX_X_88_360_035_02_000_X_XXX (3).pdf,/media/andrea-zabala-c/ANZACA/E14 Registraduria/Carpeta Denuncia-20260604T231505Z-3-001/Carpeta Denuncia/ANEXO_6_PDFs/E14_XXX_X_88_360_035_02_000_X_XXX (3).pdf,True,WARNING: /media/andrea-zabala-c/ANZACA/E14 Registraduria/Carpeta Denuncia-20260604T231505Z-3-001/Carpeta Denuncia/ANEXO_6_PDFs/E14_XXX_X_88_360_035_02_000_X_XXX (3).pdf: reported number of objects (21) is not one plus the highest object number (19) qpdf: operation succeeded with warnings,False,0
E14_XXX_X_88_360_035_02_000_X_XXX (4).pdf,/media/andrea-zabala-c/ANZACA/E14 Registraduria/Carpeta Denuncia-20260604T231505Z-3-001/Carpeta Denuncia/ANEXO_6_PDFs/E14_XXX_X_88_360_035_02_000_X_XXX (4).pdf,True,WARNING: /media/andrea-zabala-c/ANZACA/E14 Registraduria/Carpeta Denuncia-20260604T231505Z-3-001/Carpeta Denuncia/ANEXO_6_PDFs/E14_XXX_X_88_360_035_02_000_X_XXX (4).pdf: reported number of objects (22) is not one plus the highest object number (20) qpdf: operation succeeded with warnings,False,0
E14_XXX_X_88_360_035_02_000_X_XXX (5).pdf,/media/andrea-zabala-c/ANZACA/E14 Registraduria/Carpeta Denuncia-20260604T231505Z-3-001/Carpeta Denuncia/ANEXO_6_PDFs/E14_XXX_X_88_360_035_02_000_X_XXX (5).pdf,True,WARNING: /media/andrea-zabala-c/ANZACA/E14 Registraduria/Carpeta Denuncia-20260604T231505Z-3-001/Carpeta Denuncia/ANEXO_6_PDFs/E14_XXX_X_88_360_035_02_000_X_XXX (5).pdf: reported number of objects (22) is not one plus the highest object number (20) qpdf: operation succeeded with warnings,False,0
E14_XXX_X_88_360_035_02_000_X_XXX (6).pdf,/media/andrea-zabala-c/ANZACA/E14 Registraduria/Carpeta Denuncia-20260604T231505Z-3-001/Carpeta Denuncia/ANEXO_6_PDFs/E14_XXX_X_88_360_035_02_000_X_XXX (6).pdf,True,WARNING: /media/andrea-zabala-c/ANZACA/E14 Registraduria/Carpeta Denuncia-20260604T231505Z-3-001/Carpeta Denuncia/ANEXO_6_PDFs/E14_XXX_X_88_360_035_02_000_X_XXX (6).pdf: reported number of objects (23) is not one plus the highest object number (21) qpdf: operation succeeded with warnings,False,0
E14_XXX_X_88_360_035_02_000_X_XXX (7).pdf,/media/andrea-zabala-c/ANZACA/E14 Registraduria/Carpeta Denuncia-20260604T231505Z-3-001/Carpeta Denuncia/ANEXO_6_PDFs/E14_XXX_X_88_360_035_02_000_X_XXX (7).pdf,True,WARNING: /media/andrea-zabala-c/ANZACA/E14 Registraduria/Carpeta Denuncia-20260604T231505Z-3-001/Carpeta Denuncia/ANEXO_6_PDFs/E14_XXX_X_88_360_035_02_000_X_XXX (7).pdf: reported number of objects (21) is not one plus the highest object number (19) qpdf: operation succeeded with warnings,False,0
E14_XXX_X_88_360_035_02_000_X_XXX (8).pdf,/media/andrea-zabala-c/ANZACA/E14 Registraduria/Carpeta Denuncia-20260604T231505Z-3-001/Carpeta Denuncia/ANEXO_6_PDFs/E14_XXX_X_88_360_035_02_000_X_XXX (8).pdf,True,WARNING: /media/andrea-zabala-c/ANZACA/E14 Registraduria/Carpeta Denuncia-20260604T231505Z-3-001/Carpeta Denuncia/ANEXO_6_PDFs/E14_XXX_X_88_360_035_02_000_X_XXX (8).pdf: reported number of objects (20) is not one plus the highest object number (18) qpdf: operation succeeded with warnings,False,0
E14_XXX_X_88_360_035_02_000_X_XXX (9).pdf,/media/andrea-zabala-c/ANZACA/E14 Registraduria/Carpeta Denuncia-20260604T231505Z-3-001/Carpeta Denuncia/ANEXO_6_PDFs/E14_XXX_X_88_360_035_02_000_X_XXX (9).pdf,True,WARNING: /media/andrea-zabala-c/ANZACA/E14 Registraduria/Carpeta Denuncia-20260604T231505Z-3-001/Carpeta Denuncia/ANEXO_6_PDFs/E14_XXX_X_88_360_035_02_000_X_XXX (9).pdf: reported number of objects (22) is not one plus the highest object number (20) qpdf: operation succeeded with warnings,False,0
E14_XXX_X_88_360_035_02_000_X_XXX-1.pdf,/media/andrea-zabala-c/ANZACA/E14 Registraduria/Carpeta Denuncia-20260604T231505Z-3-001/Carpeta Denuncia/ANEXO_6_PDFs/E14_XXX_X_88_360_035_02_000_X_XXX-1.pdf,True,WARNING: /media/andrea-zabala-c/ANZACA/E14 Registraduria/Carpeta Denuncia-20260604T231505Z-3-001/Carpeta Denuncia/ANEXO_6_PDFs/E14_XXX_X_88_360_035_02_000_X_XXX-1.pdf: reported number of objects (21) is not one plus the highest object number (19) qpdf: operation succeeded with warnings,False,0
E14_XXX_X_88_360_035_02_000_X_XXX-2.pdf,/media/andrea-zabala-c/ANZACA/E14 Registraduria/Carpeta Denuncia-20260604T231505Z-3-001/Carpeta Denuncia/ANEXO_6_PDFs/E14_XXX_X_88_360_035_02_000_X_XXX-2.pdf,True,WARNING: /media/andrea-zabala-c/ANZACA/E14 Registraduria/Carpeta Denuncia-20260604T231505Z-3-001/Carpeta Denuncia/ANEXO_6_PDFs/E14_XXX_X_88_360_035_02_000_X_XXX-2.pdf: reported number of objects (23) is not one plus the highest object number (21) qpdf: operation succeeded with warnings,False,0
E14_XXX_X_88_360_035_02_000_X_XXX-3.pdf,/media/andrea-zabala-c/ANZACA/E14 Registraduria/Carpeta Denuncia-20260604T231505Z-3-001/Carpeta Denuncia/ANEXO_6_PDFs/E14_XXX_X_88_360_035_02_000_X_XXX-3.pdf,True,WARNING: /media/andrea-zabala-c/ANZACA/E14 Registraduria/Carpeta Denuncia-20260604T231505Z-3-001/Carpeta Denuncia/ANEXO_6_PDFs/E14_XXX_X_88_360_035_02_000_X_XXX-3.pdf: reported number of objects (20) is not one plus the highest object number (18) qpdf: operation succeeded with warnings,False,0
E14_XXX_X_88_360_035_02_000_X_XXX-4.pdf,/media/andrea-zabala-c/ANZACA/E14 Registraduria/Carpeta Denuncia-20260604T231505Z-3-001/Carpeta Denuncia/ANEXO_6_PDFs/E14_XXX_X_88_360_035_02_000_X_XXX-4.pdf,True,WARNING: /media/andrea-zabala-c/ANZACA/E14 Registraduria/Carpeta Denuncia-20260604T231505Z-3-001/Carpeta Denuncia/ANEXO_6_PDFs/E14_XXX_X_88_360_035_02_000_X_XXX-4.pdf: reported number of objects (21) is not one plus the highest object number (19) qpdf: operation succeeded with warnings,False,0
E14_XXX_X_88_360_035_02_000_X_XXX-5.pdf,/media/andrea-zabala-c/ANZACA/E14 Registraduria/Carpeta Denuncia-20260604T231505Z-3-001/Carpeta Denuncia/ANEXO_6_PDFs/E14_XXX_X_88_360_035_02_000_X_XXX-5.pdf,True,WARNING: /media/andrea-zabala-c/ANZACA/E14 Registraduria/Carpeta Denuncia-20260604T231505Z-3-001/Carpeta Denuncia/ANEXO_6_PDFs/E14_XXX_X_88_360_035_02_000_X_XXX-5.pdf: reported number of objects (20) is not one plus the highest object number (18) qpdf: operation succeeded with warnings,False,0
E14_XXX_X_88_360_035_02_000_X_XXX-6.pdf,/media/andrea-zabala-c/ANZACA/E14 Registraduria/Carpeta Denuncia-20260604T231505Z-3-001/Carpeta Denuncia/ANEXO_6_PDFs/E14_XXX_X_88_360_035_02_000_X_XXX-6.pdf,True,WARNING: /media/andrea-zabala-c/ANZACA/E14 Registraduria/Carpeta Denuncia-20260604T231505Z-3-001/Carpeta Denuncia/ANEXO_6_PDFs/E14_XXX_X_88_360_035_02_000_X_XXX-6.pdf: reported number of objects (21) is not one plus the highest object number (19) qpdf: operation succeeded with warnings,False,0
E14_XXX_X_88_360_035_02_000_X_XXX-7.pdf,/media/andrea-zabala-c/ANZACA/E14 Registraduria/Carpeta Denuncia-20260604T231505Z-3-001/Carpeta Denuncia/ANEXO_6_PDFs/E14_XXX_X_88_360_035_02_000_X_XXX-7.pdf,True,WARNING: /media/andrea-zabala-c/ANZACA/E14 Registraduria/Carpeta Denuncia-20260604T231505Z-3-001/Carpeta Denuncia/ANEXO_6_PDFs/E14_XXX_X_88_360_035_02_000_X_XXX-7.pdf: reported number of objects (21) is not one plus the highest object number (19) qpdf: operation succeeded with warnings,False,0
E14_XXX_X_88_360_035_02_000_X_XXX-8.pdf,/media/andrea-zabala-c/ANZACA/E14 Registraduria/Carpeta Denuncia-20260604T231505Z-3-001/Carpeta Denuncia/ANEXO_6_PDFs/E14_XXX_X_88_360_035_02_000_X_XXX-8.pdf,True,WARNING: /media/andrea-zabala-c/ANZACA/E14 Registraduria/Carpeta Denuncia-20260604T231505Z-3-001/Carpeta Denuncia/ANEXO_6_PDFs/E14_XXX_X_88_360_035_02_000_X_XXX-8.pdf: reported number of objects (21) is not one plus the highest object number (19) qpdf: operation succeeded with warnings,False,0
E14_XXX_X_88_360_035_02_000_X_XXX-9.pdf,/media/andrea-zabala-c/ANZACA/E14 Registraduria/Carpeta Denuncia-20260604T231505Z-3-001/Carpeta Denuncia/ANEXO_6_PDFs/E14_XXX_X_88_360_035_02_000_X_XXX-9.pdf,True,WARNING: /media/andrea-zabala-c/ANZACA/E14 Registraduria/Carpeta Denuncia-20260604T231505Z-3-001/Carpeta Denuncia/ANEXO_6_PDFs/E14_XXX_X_88_360_035_02_000_X_XXX-9.pdf: reported number of objects (20) is not one plus the highest object number (18) qpdf: operation succeeded with warnings,False,0
E14_XXX_X_88_360_035_02_000_X_XXX.pdf,/media/andrea-zabala-c/ANZACA/E14 Registraduria/Carpeta Denuncia-20260604T231505Z-3-001/Carpeta Denuncia/ANEXO_6_PDFs/E14_XXX_X_88_360_035_02_000_X_XXX.pdf,True,WARNING: /media/andrea-zabala-c/ANZACA/E14 Registraduria/Carpeta Denuncia-20260604T231505Z-3-001/Carpeta Denuncia/ANEXO_6_PDFs/E14_XXX_X_88_360_035_02_000_X_XXX.pdf: reported number of objects (21) is not one plus the highest object number (19) qpdf: operation succeeded with warnings,False,0
E14_XXX_X_88_360_035_04_000_X_XXX.pdf,/media/andrea-zabala-c/ANZACA/E14 Registraduria/Carpeta Denuncia-20260604T231505Z-3-001/Carpeta Denuncia/ANEXO_6_PDFs/E14_XXX_X_88_360_035_04_000_X_XXX.pdf,True,WARNING: /media/andrea-zabala-c/ANZACA/E14 Registraduria/Carpeta Denuncia-20260604T231505Z-3-001/Carpeta Denuncia/ANEXO_6_PDFs/E14_XXX_X_88_360_035_04_000_X_XXX.pdf: reported number of objects (20) is not one plus the highest object number (18) qpdf: operation succeeded with warnings,False,0
E14_XXX_X_88_360_035_05_000_X_XXX (1).pdf,/media/andrea-zabala-c/ANZACA/E14 Registraduria/Carpeta Denuncia-20260604T231505Z-3-001/Carpeta Denuncia/ANEXO_6_PDFs/E14_XXX_X_88_360_035_05_000_X_XXX (1).pdf,True,WARNING: /media/andrea-zabala-c/ANZACA/E14 Registraduria/Carpeta Denuncia-20260604T231505Z-3-001/Carpeta Denuncia/ANEXO_6_PDFs/E14_XXX_X_88_360_035_05_000_X_XXX (1).pdf: reported number of objects (20) is not one plus the highest object number (18) qpdf: operation succeeded with warnings,False,0
E14_XXX_X_88_360_035_05_000_X_XXX (2).pdf,/media/andrea-zabala-c/ANZACA/E14 Registraduria/Carpeta Denuncia-20260604T231505Z-3-001/Carpeta Denuncia/ANEXO_6_PDFs/E14_XXX_X_88_360_035_05_000_X_XXX (2).pdf,True,WARNING: /media/andrea-zabala-c/ANZACA/E14 Registraduria/Carpeta Denuncia-20260604T231505Z-3-001/Carpeta Denuncia/ANEXO_6_PDFs/E14_XXX_X_88_360_035_05_000_X_XXX (2).pdf: reported number of objects (20) is not one plus the highest object number (18) qpdf: operation succeeded with warnings,False,0
E14_XXX_X_88_360_035_05_000_X_XXX.pdf,/media/andrea-zabala-c/ANZACA/E14 Registraduria/Carpeta Denuncia-20260604T231505Z-3-001/Carpeta Denuncia/ANEXO_6_PDFs/E14_XXX_X_88_360_035_05_000_X_XXX.pdf,True,WARNING: /media/andrea-zabala-c/ANZACA/E14 Registraduria/Carpeta Denuncia-20260604T231505Z-3-001/Carpeta Denuncia/ANEXO_6_PDFs/E14_XXX_X_88_360_035_05_000_X_XXX.pdf: reported number of objects (21) is not one plus the highest object number (19) qpdf: operation succeeded with warnings,False,0
E14_XXX_X_88_360_035_06_000_X_XXX (1).pdf,/media/andrea-zabala-c/ANZACA/E14 Registraduria/Carpeta Denuncia-20260604T231505Z-3-001/Carpeta Denuncia/ANEXO_6_PDFs/E14_XXX_X_88_360_035_06_000_X_XXX (1).pdf,True,WARNING: /media/andrea-zabala-c/ANZACA/E14 Registraduria/Carpeta Denuncia-20260604T231505Z-3-001/Carpeta Denuncia/ANEXO_6_PDFs/E14_XXX_X_88_360_035_06_000_X_XXX (1).pdf: reported number of objects (23) is not one plus the highest object number (21) qpdf: operation succeeded with warnings,False,0
E14_XXX_X_88_360_035_06_000_X_XXX.pdf,/media/andrea-zabala-c/ANZACA/E14 Registraduria/Carpeta Denuncia-20260604T231505Z-3-001/Carpeta Denuncia/ANEXO_6_PDFs/E14_XXX_X_88_360_035_06_000_X_XXX.pdf,True,WARNING: /media/andrea-zabala-c/ANZACA/E14 Registraduria/Carpeta Denuncia-20260604T231505Z-3-001/Carpeta Denuncia/ANEXO_6_PDFs/E14_XXX_X_88_360_035_06_000_X_XXX.pdf: reported number of objects (22) is not one plus the highest object number (20) qpdf: operation succeeded with warnings,False,0
E14_XXX_X_88_360_035_81_000_X_XXX-1.pdf,/media/andrea-zabala-c/ANZACA/E14 Registraduria/Carpeta Denuncia-20260604T231505Z-3-001/Carpeta Denuncia/ANEXO_6_PDFs/E14_XXX_X_88_360_035_81_000_X_XXX-1.pdf,True,WARNING: /media/andrea-zabala-c/ANZACA/E14 Registraduria/Carpeta Denuncia-20260604T231505Z-3-001/Carpeta Denuncia/ANEXO_6_PDFs/E14_XXX_X_88_360_035_81_000_X_XXX-1.pdf: reported number of objects (23) is not one plus the highest object number (21) qpdf: operation succeeded with warnings,False,0
E14_XXX_X_88_360_035_81_000_X_XXX.pdf,/media/andrea-zabala-c/ANZACA/E14 Registraduria/Carpeta Denuncia-20260604T231505Z-3-001/Carpeta Denuncia/ANEXO_6_PDFs/E14_XXX_X_88_360_035_81_000_X_XXX.pdf,True,WARNING: /media/andrea-zabala-c/ANZACA/E14 Registraduria/Carpeta Denuncia-20260604T231505Z-3-001/Carpeta Denuncia/ANEXO_6_PDFs/E14_XXX_X_88_360_035_81_000_X_XXX.pdf: reported number of objects (23) is not one plus the highest object number (21) qpdf: operation succeeded with warnings,False,0
E14_XXX_X_88_360_035_82_000_X_XXX-1.pdf,/media/andrea-zabala-c/ANZACA/E14 Registraduria/Carpeta Denuncia-20260604T231505Z-3-001/Carpeta Denuncia/ANEXO_6_PDFs/E14_XXX_X_88_360_035_82_000_X_XXX-1.pdf,True,WARNING: /media/andrea-zabala-c/ANZACA/E14 Registraduria/Carpeta Denuncia-20260604T231505Z-3-001/Carpeta Denuncia/ANEXO_6_PDFs/E14_XXX_X_88_360_035_82_000_X_XXX-1.pdf: reported number of objects (26) is not one plus the highest object number (24) qpdf: operation succeeded with warnings,False,0
E14_XXX_X_88_360_035_82_000_X_XXX.pdf,/media/andrea-zabala-c/ANZACA/E14 Registraduria/Carpeta Denuncia-20260604T231505Z-3-001/Carpeta Denuncia/ANEXO_6_PDFs/E14_XXX_X_88_360_035_82_000_X_XXX.pdf,True,WARNING: /media/andrea-zabala-c/ANZACA/E14 Registraduria/Carpeta Denuncia-20260604T231505Z-3-001/Carpeta Denuncia/ANEXO_6_PDFs/E14_XXX_X_88_360_035_82_000_X_XXX.pdf: reported number of objects (26) is not one plus the highest object number (24) qpdf: operation succeeded with warnings,False,0
E14_XXX_X_88_360_035_83_000_X_XXX-1.pdf,/media/andrea-zabala-c/ANZACA/E14 Registraduria/Carpeta Denuncia-20260604T231505Z-3-001/Carpeta Denuncia/ANEXO_6_PDFs/E14_XXX_X_88_360_035_83_000_X_XXX-1.pdf,True,WARNING: /media/andrea-zabala-c/ANZACA/E14 Registraduria/Carpeta Denuncia-20260604T231505Z-3-001/Carpeta Denuncia/ANEXO_6_PDFs/E14_XXX_X_88_360_035_83_000_X_XXX-1.pdf: reported number of objects (26) is not one plus the highest object number (24) qpdf: operation succeeded with warnings,False,0
E14_XXX_X_88_360_035_83_000_X_XXX.pdf,/media/andrea-zabala-c/ANZACA/E14 Registraduria/Carpeta Denuncia-20260604T231505Z-3-001/Carpeta Denuncia/ANEXO_6_PDFs/E14_XXX_X_88_360_035_83_000_X_XXX.pdf,True,WARNING: /media/andrea-zabala-c/ANZACA/E14 Registraduria/Carpeta Denuncia-20260604T231505Z-3-001/Carpeta Denuncia/ANEXO_6_PDFs/E14_XXX_X_88_360_035_83_000_X_XXX.pdf: reported number of objects (26) is not one plus the highest object number (24) qpdf: operation succeeded with warnings,False,0
E14_XXX_X_88_360_035_84_000_X_XXX.pdf,/media/andrea-zabala-c/ANZACA/E14 Registraduria/Carpeta Denuncia-20260604T231505Z-3-001/Carpeta Denuncia/ANEXO_6_PDFs/E14_XXX_X_88_360_035_84_000_X_XXX.pdf,True,WARNING: /media/andrea-zabala-c/ANZACA/E14 Registraduria/Carpeta Denuncia-20260604T231505Z-3-001/Carpeta Denuncia/ANEXO_6_PDFs/E14_XXX_X_88_360_035_84_000_X_XXX.pdf: reported number of objects (26) is not one plus the highest object number (24) qpdf: operation succeeded with warnings,False,0
E14_XXX_X_88_360_035_85_000_X_XXX-1.pdf,/media/andrea-zabala-c/ANZACA/E14 Registraduria/Carpeta Denuncia-20260604T231505Z-3-001/Carpeta Denuncia/ANEXO_6_PDFs/E14_XXX_X_88_360_035_85_000_X_XXX-1.pdf,True,WARNING: /media/andrea-zabala-c/ANZACA/E14 Registraduria/Carpeta Denuncia-20260604T231505Z-3-001/Carpeta Denuncia/ANEXO_6_PDFs/E14_XXX_X_88_360_035_85_000_X_XXX-1.pdf: reported number of objects (26) is not one plus the highest object number (24) qpdf: operation succeeded with warnings,False,0
E14_XXX_X_88_360_035_85_000_X_XXX-2.pdf,/media/andrea-zabala-c/ANZACA/E14 Registraduria/Carpeta Denuncia-20260604T231505Z-3-001/Carpeta Denuncia/ANEXO_6_PDFs/E14_XXX_X_88_360_035_85_000_X_XXX-2.pdf,True,WARNING: /media/andrea-zabala-c/ANZACA/E14 Registraduria/Carpeta Denuncia-20260604T231505Z-3-001/Carpeta Denuncia/ANEXO_6_PDFs/E14_XXX_X_88_360_035_85_000_X_XXX-2.pdf: reported number of objects (26) is not one plus the highest object number (24) qpdf: operation succeeded with warnings,False,0
E14_XXX_X_88_360_035_85_000_X_XXX.pdf,/media/andrea-zabala-c/ANZACA/E14 Registraduria/Carpeta Denuncia-20260604T231505Z-3-001/Carpeta Denuncia/ANEXO_6_PDFs/E14_XXX_X_88_360_035_85_000_X_XXX.pdf,True,WARNING: /media/andrea-zabala-c/ANZACA/E14 Registraduria/Carpeta Denuncia-20260604T231505Z-3-001/Carpeta Denuncia/ANEXO_6_PDFs/E14_XXX_X_88_360_035_85_000_X_XXX.pdf: reported number of objects (26) is not one plus the highest object number (24) qpdf: operation succeeded with warnings,False,0
E14_XXX_X_88_360_035_86_000_X_XXX (1).pdf,/media/andrea-zabala-c/ANZACA/E14 Registraduria/Carpeta Denuncia-20260604T231505Z-3-001/Carpeta Denuncia/ANEXO_6_PDFs/E14_XXX_X_88_360_035_86_000_X_XXX (1).pdf,True,WARNING: /media/andrea-zabala-c/ANZACA/E14 Registraduria/Carpeta Denuncia-20260604T231505Z-3-001/Carpeta Denuncia/ANEXO_6_PDFs/E14_XXX_X_88_360_035_86_000_X_XXX (1).pdf: reported number of objects (26) is not one plus the highest object number (24) qpdf: operation succeeded with warnings,False,0
E14_XXX_X_88_360_035_86_000_X_XXX-1.pdf,/media/andrea-zabala-c/ANZACA/E14 Registraduria/Carpeta Denuncia-20260604T231505Z-3-001/Carpeta Denuncia/ANEXO_6_PDFs/E14_XXX_X_88_360_035_86_000_X_XXX-1.pdf,True,WARNING: /media/andrea-zabala-c/ANZACA/E14 Registraduria/Carpeta Denuncia-20260604T231505Z-3-001/Carpeta Denuncia/ANEXO_6_PDFs/E14_XXX_X_88_360_035_86_000_X_XXX-1.pdf: reported number of objects (26) is not one plus the highest object number (24) qpdf: operation succeeded with warnings,False,0
E14_XXX_X_88_360_035_86_000_X_XXX-2.pdf,/media/andrea-zabala-c/ANZACA/E14 Registraduria/Carpeta Denuncia-20260604T231505Z-3-001/Carpeta Denuncia/ANEXO_6_PDFs/E14_XXX_X_88_360_035_86_000_X_XXX-2.pdf,True,WARNING: /media/andrea-zabala-c/ANZACA/E14 Registraduria/Carpeta Denuncia-20260604T231505Z-3-001/Carpeta Denuncia/ANEXO_6_PDFs/E14_XXX_X_88_360_035_86_000_X_XXX-2.pdf: reported number of objects (25) is not one plus the highest object number (23) qpdf: operation succeeded with warnings,False,0
E14_XXX_X_88_360_035_86_000_X_XXX-3.pdf,/media/andrea-zabala-c/ANZACA/E14 Registraduria/Carpeta Denuncia-20260604T231505Z-3-001/Carpeta Denuncia/ANEXO_6_PDFs/E14_XXX_X_88_360_035_86_000_X_XXX-3.pdf,True,WARNING: /media/andrea-zabala-c/ANZACA/E14 Registraduria/Carpeta Denuncia-20260604T231505Z-3-001/Carpeta Denuncia/ANEXO_6_PDFs/E14_XXX_X_88_360_035_86_000_X_XXX-3.pdf: reported number of objects (26) is not one plus the highest object number (24) qpdf: operation succeeded with warnings,False,0
E14_XXX_X_88_360_035_86_000_X_XXX.pdf,/media/andrea-zabala-c/ANZACA/E14 Registraduria/Carpeta Denuncia-20260604T231505Z-3-001/Carpeta Denuncia/ANEXO_6_PDFs/E14_XXX_X_88_360_035_86_000_X_XXX.pdf,True,WARNING: /media/andrea-zabala-c/ANZACA/E14 Registraduria/Carpeta Denuncia-20260604T231505Z-3-001/Carpeta Denuncia/ANEXO_6_PDFs/E14_XXX_X_88_360_035_86_000_X_XXX.pdf: reported number of objects (26) is not one plus the highest object number (24) qpdf: operation succeeded with warnings,False,0
Denuncia Penal - Fraude Electoral y Modificación de Actas V2.pdf,/media/andrea-zabala-c/ANZACA/E14 Registraduria/Denuncia Penal - Fraude Electoral y Modificación de Actas V2.pdf,False,El archivo mantiene su estructura íntegra,False,0
E14_XXX_X_88_360_035_02_000_X_XXX (1).pdf,/media/andrea-zabala-c/ANZACA/E14 Registraduria/E14_XXX_X_88_360_035_02_000_X_XXX (1).pdf,True,WARNING: /media/andrea-zabala-c/ANZACA/E14 Registraduria/E14_XXX_X_88_360_035_02_000_X_XXX (1).pdf: reported number of objects (21) is not one plus the highest object number (19) qpdf: operation succeeded with warnings,False,0
E14_XXX_X_88_360_035_02_000_X_XXX (10).pdf,/media/andrea-zabala-c/ANZACA/E14 Registraduria/E14_XXX_X_88_360_035_02_000_X_XXX (10).pdf,True,WARNING: /media/andrea-zabala-c/ANZACA/E14 Registraduria/E14_XXX_X_88_360_035_02_000_X_XXX (10).pdf: reported number of objects (21) is not one plus the highest object number (19) qpdf: operation succeeded with warnings,False,0
E14_XXX_X_88_360_035_02_000_X_XXX (11).pdf,/media/andrea-zabala-c/ANZACA/E14 Registraduria/E14_XXX_X_88_360_035_02_000_X_XXX (11).pdf,True,WARNING: /media/andrea-zabala-c/ANZACA/E14 Registraduria/E14_XXX_X_88_360_035_02_000_X_XXX (11).pdf: reported number of objects (23) is not one plus the highest object number (21) qpdf: operation succeeded with warnings,False,0
E14_XXX_X_88_360_035_02_000_X_XXX (12).pdf,/media/andrea-zabala-c/ANZACA/E14 Registraduria/E14_XXX_X_88_360_035_02_000_X_XXX (12).pdf,True,WARNING: /media/andrea-zabala-c/ANZACA/E14 Registraduria/E14_XXX_X_88_360_035_02_000_X_XXX (12).pdf: reported number of objects (22) is not one plus the highest object number (20) qpdf: operation succeeded with warnings,False,0
E14_XXX_X_88_360_035_02_000_X_XXX (13).pdf,/media/andrea-zabala-c/ANZACA/E14 Registraduria/E14_XXX_X_88_360_035_02_000_X_XXX (13).pdf,True,WARNING: /media/andrea-zabala-c/ANZACA/E14 Registraduria/E14_XXX_X_88_360_035_02_000_X_XXX (13).pdf: reported number of objects (22) is not one plus the highest object number (20) qpdf: operation succeeded with warnings,False,0
E14_XXX_X_88_360_035_02_000_X_XXX (14).pdf,/media/andrea-zabala-c/ANZACA/E14 Registraduria/E14_XXX_X_88_360_035_02_000_X_XXX (14).pdf,True,WARNING: /media/andrea-zabala-c/ANZACA/E14 Registraduria/E14_XXX_X_88_360_035_02_000_X_XXX (14).pdf: reported number of objects (23) is not one plus the highest object number (21) qpdf: operation succeeded with warnings,False,0
E14_XXX_X_88_360_035_02_000_X_XXX (15).pdf,/media/andrea-zabala-c/ANZACA/E14 Registraduria/E14_XXX_X_88_360_035_02_000_X_XXX (15).pdf,True,WARNING: /media/andrea-zabala-c/ANZACA/E14 Registraduria/E14_XXX_X_88_360_035_02_000_X_XXX (15).pdf: reported number of objects (21) is not one plus the highest object number (19) qpdf: operation succeeded with warnings,False,0
E14_XXX_X_88_360_035_02_000_X_XXX (16).pdf,/media/andrea-zabala-c/ANZACA/E14 Registraduria/E14_XXX_X_88_360_035_02_000_X_XXX (16).pdf,True,WARNING: /media/andrea-zabala-c/ANZACA/E14 Registraduria/E14_XXX_X_88_360_035_02_000_X_XXX (16).pdf: reported number of objects (22) is not one plus the highest object number (20) qpdf: operation succeeded with warnings,False,0
E14_XXX_X_88_360_035_02_000_X_XXX (17).pdf,/media/andrea-zabala-c/ANZACA/E14 Registraduria/E14_XXX_X_88_360_035_02_000_X_XXX (17).pdf,True,WARNING: /media/andrea-zabala-c/ANZACA/E14 Registraduria/E14_XXX_X_88_360_035_02_000_X_XXX (17).pdf: reported number of objects (21) is not one plus the highest object number (19) qpdf: operation succeeded with warnings,False,0
E14_XXX_X_88_360_035_02_000_X_XXX (18).pdf,/media/andrea-zabala-c/ANZACA/E14 Registraduria/E14_XXX_X_88_360_035_02_000_X_XXX (18).pdf,True,WARNING: /media/andrea-zabala-c/ANZACA/E14 Registraduria/E14_XXX_X_88_360_035_02_000_X_XXX (18).pdf: reported number of objects (20) is not one plus the highest object number (18) qpdf: operation succeeded with warnings,False,0
E14_XXX_X_88_360_035_02_000_X_XXX (2).pdf,/media/andrea-zabala-c/ANZACA/E14 Registraduria/E14_XXX_X_88_360_035_02_000_X_XXX (2).pdf,True,WARNING: /media/andrea-zabala-c/ANZACA/E14 Registraduria/E14_XXX_X_88_360_035_02_000_X_XXX (2).pdf: reported number of objects (20) is not one plus the highest object number (18) qpdf: operation succeeded with warnings,False,0
E14_XXX_X_88_360_035_02_000_X_XXX (3).pdf,/media/andrea-zabala-c/ANZACA/E14 Registraduria/E14_XXX_X_88_360_035_02_000_X_XXX (3).pdf,True,WARNING: /media/andrea-zabala-c/ANZACA/E14 Registraduria/E14_XXX_X_88_360_035_02_000_X_XXX (3).pdf: reported number of objects (21) is not one plus the highest object number (19) qpdf: operation succeeded with warnings,False,0
E14_XXX_X_88_360_035_02_000_X_XXX (4).pdf,/media/andrea-zabala-c/ANZACA/E14 Registraduria/E14_XXX_X_88_360_035_02_000_X_XXX (4).pdf,True,WARNING: /media/andrea-zabala-c/ANZACA/E14 Registraduria/E14_XXX_X_88_360_035_02_000_X_XXX (4).pdf: reported number of objects (22) is not one plus the highest object number (20) qpdf: operation succeeded with warnings,False,0
E14_XXX_X_88_360_035_02_000_X_XXX (5).pdf,/media/andrea-zabala-c/ANZACA/E14 Registraduria/E14_XXX_X_88_360_035_02_000_X_XXX (5).pdf,True,WARNING: /media/andrea-zabala-c/ANZACA/E14 Registraduria/E14_XXX_X_88_360_035_02_000_X_XXX (5).pdf: reported number of objects (22) is not one plus the highest object number (20) qpdf: operation succeeded with warnings,False,0
E14_XXX_X_88_360_035_02_000_X_XXX (6).pdf,/media/andrea-zabala-c/ANZACA/E14 Registraduria/E14_XXX_X_88_360_035_02_000_X_XXX (6).pdf,True,WARNING: /media/andrea-zabala-c/ANZACA/E14 Registraduria/E14_XXX_X_88_360_035_02_000_X_XXX (6).pdf: reported number of objects (23) is not one plus the highest object number (21) qpdf: operation succeeded with warnings,False,0
E14_XXX_X_88_360_035_02_000_X_XXX (7).pdf,/media/andrea-zabala-c/ANZACA/E14 Registraduria/E14_XXX_X_88_360_035_02_000_X_XXX (7).pdf,True,WARNING: /media/andrea-zabala-c/ANZACA/E14 Registraduria/E14_XXX_X_88_360_035_02_000_X_XXX (7).pdf: reported number of objects (21) is not one plus the highest object number (19) qpdf: operation succeeded with warnings,False,0
E14_XXX_X_88_360_035_02_000_X_XXX (8).pdf,/media/andrea-zabala-c/ANZACA/E14 Registraduria/E14_XXX_X_88_360_035_02_000_X_XXX (8).pdf,True,WARNING: /media/andrea-zabala-c/ANZACA/E14 Registraduria/E14_XXX_X_88_360_035_02_000_X_XXX (8).pdf: reported number of objects (20) is not one plus the highest object number (18) qpdf: operation succeeded with warnings,False,0
E14_XXX_X_88_360_035_02_000_X_XXX (9).pdf,/media/andrea-zabala-c/ANZACA/E14 Registraduria/E14_XXX_X_88_360_035_02_000_X_XXX (9).pdf,True,WARNING: /media/andrea-zabala-c/ANZACA/E14 Registraduria/E14_XXX_X_88_360_035_02_000_X_XXX (9).pdf: reported number of objects (22) is not one plus the highest object number (20) qpdf: operation succeeded with warnings,False,0
E14_XXX_X_88_360_035_02_000_X_XXX.pdf,/media/andrea-zabala-c/ANZACA/E14 Registraduria/E14_XXX_X_88_360_035_02_000_X_XXX.pdf,True,WARNING: /media/andrea-zabala-c/ANZACA/E14 Registraduria/E14_XXX_X_88_360_035_02_000_X_XXX.pdf: reported number of objects (21) is not one plus the highest object number (19) qpdf: operation succeeded with warnings,False,0
E14_XXX_X_88_360_035_04_000_X_XXX.pdf,/media/andrea-zabala-c/ANZACA/E14 Registraduria/E14_XXX_X_88_360_035_04_000_X_XXX.pdf,True,WARNING: /media/andrea-zabala-c/ANZACA/E14 Registraduria/E14_XXX_X_88_360_035_04_000_X_XXX.pdf: reported number of objects (20) is not one plus the highest object number (18) qpdf: operation succeeded with warnings,False,0
E14_XXX_X_88_360_035_05_000_X_XXX (1).pdf,/media/andrea-zabala-c/ANZACA/E14 Registraduria/E14_XXX_X_88_360_035_05_000_X_XXX (1).pdf,True,WARNING: /media/andrea-zabala-c/ANZACA/E14 Registraduria/E14_XXX_X_88_360_035_05_000_X_XXX (1).pdf: reported number of objects (20) is not one plus the highest object number (18) qpdf: operation succeeded with warnings,False,0
E14_XXX_X_88_360_035_05_000_X_XXX (2).pdf,/media/andrea-zabala-c/ANZACA/E14 Registraduria/E14_XXX_X_88_360_035_05_000_X_XXX (2).pdf,True,WARNING: /media/andrea-zabala-c/ANZACA/E14 Registraduria/E14_XXX_X_88_360_035_05_000_X_XXX (2).pdf: reported number of objects (20) is not one plus the highest object number (18) qpdf: operation succeeded with warnings,False,0
E14_XXX_X_88_360_035_05_000_X_XXX.pdf,/media/andrea-zabala-c/ANZACA/E14 Registraduria/E14_XXX_X_88_360_035_05_000_X_XXX.pdf,True,WARNING: /media/andrea-zabala-c/ANZACA/E14 Registraduria/E14_XXX_X_88_360_035_05_000_X_XXX.pdf: reported number of objects (21) is not one plus the highest object number (19) qpdf: operation succeeded with warnings,False,0
E14_XXX_X_88_360_035_06_000_X_XXX (1).pdf,/media/andrea-zabala-c/ANZACA/E14 Registraduria/E14_XXX_X_88_360_035_06_000_X_XXX (1).pdf,True,WARNING: /media/andrea-zabala-c/ANZACA/E14 Registraduria/E14_XXX_X_88_360_035_06_000_X_XXX (1).pdf: reported number of objects (23) is not one plus the highest object number (21) qpdf: operation succeeded with warnings,False,0
E14_XXX_X_88_360_035_06_000_X_XXX.pdf,/media/andrea-zabala-c/ANZACA/E14 Registraduria/E14_XXX_X_88_360_035_06_000_X_XXX.pdf,True,WARNING: /media/andrea-zabala-c/ANZACA/E14 Registraduria/E14_XXX_X_88_360_035_06_000_X_XXX.pdf: reported number of objects (22) is not one plus the highest object number (20) qpdf: operation succeeded with warnings,False,0
E14_XXX_X_88_360_035_81_000_X_XXX.pdf,/media/andrea-zabala-c/ANZACA/E14 Registraduria/E14_XXX_X_88_360_035_81_000_X_XXX.pdf,True,WARNING: /media/andrea-zabala-c/ANZACA/E14 Registraduria/E14_XXX_X_88_360_035_81_000_X_XXX.pdf: reported number of objects (23) is not one plus the highest object number (21) qpdf: operation succeeded with warnings,False,0
E14_XXX_X_88_360_035_82_000_X_XXX.pdf,/media/andrea-zabala-c/ANZACA/E14 Registraduria/E14_XXX_X_88_360_035_82_000_X_XXX.pdf,True,WARNING: /media/andrea-zabala-c/ANZACA/E14 Registraduria/E14_XXX_X_88_360_035_82_000_X_XXX.pdf: reported number of objects (26) is not one plus the highest object number (24) qpdf: operation succeeded with warnings,False,0
E14_XXX_X_88_360_035_83_000_X_XXX.pdf,/media/andrea-zabala-c/ANZACA/E14 Registraduria/E14_XXX_X_88_360_035_83_000_X_XXX.pdf,True,WARNING: /media/andrea-zabala-c/ANZACA/E14 Registraduria/E14_XXX_X_88_360_035_83_000_X_XXX.pdf: reported number of objects (26) is not one plus the highest object number (24) qpdf: operation succeeded with warnings,False,0
E14_XXX_X_88_360_035_84_000_X_XXX.pdf,/media/andrea-zabala-c/ANZACA/E14 Registraduria/E14_XXX_X_88_360_035_84_000_X_XXX.pdf,True,WARNING: /media/andrea-zabala-c/ANZACA/E14 Registraduria/E14_XXX_X_88_360_035_84_000_X_XXX.pdf: reported number of objects (26) is not one plus the highest object number (24) qpdf: operation succeeded with warnings,False,0
E14_XXX_X_88_360_035_85_000_X_XXX (1).pdf,/media/andrea-zabala-c/ANZACA/E14 Registraduria/E14_XXX_X_88_360_035_85_000_X_XXX (1).pdf,True,WARNING: /media/andrea-zabala-c/ANZACA/E14 Registraduria/E14_XXX_X_88_360_035_85_000_X_XXX (1).pdf: reported number of objects (26) is not one plus the highest object number (24) qpdf: operation succeeded with warnings,False,0
E14_XXX_X_88_360_035_85_000_X_XXX.pdf,/media/andrea-zabala-c/ANZACA/E14 Registraduria/E14_XXX_X_88_360_035_85_000_X_XXX.pdf,True,WARNING: /media/andrea-zabala-c/ANZACA/E14 Registraduria/E14_XXX_X_88_360_035_85_000_X_XXX.pdf: reported number of objects (26) is not one plus the highest object number (24) qpdf: operation succeeded with warnings,False,0
E14_XXX_X_88_360_035_86_000_X_XXX (1).pdf,/media/andrea-zabala-c/ANZACA/E14 Registraduria/E14_XXX_X_88_360_035_86_000_X_XXX (1).pdf,True,WARNING: /media/andrea-zabala-c/ANZACA/E14 Registraduria/E14_XXX_X_88_360_035_86_000_X_XXX (1).pdf: reported number of objects (26) is not one plus the highest object number (24) qpdf: operation succeeded with warnings,False,0
E14_XXX_X_88_360_035_86_000_X_XXX.pdf,/media/andrea-zabala-c/ANZACA/E14 Registraduria/E14_XXX_X_88_360_035_86_000_X_XXX.pdf,True,WARNING: /media/andrea-zabala-c/ANZACA/E14 Registraduria/E14_XXX_X_88_360_035_86_000_X_XXX.pdf: reported number of objects (26) is not one plus the highest object number (24) qpdf: operation succeeded with warnings,False,0
"Firefly Fiber Broadband - Account 87820024659 (ZABALA-CARCAMO, ANDREA).pdf","/media/andrea-zabala-c/ANZACA/E14 Registraduria/Firefly Fiber Broadband - Account 87820024659 (ZABALA-CARCAMO, ANDREA).pdf",False,El archivo mantiene su estructura íntegra,True,0
General_Report_English_complete.pdf,/media/andrea-zabala-c/ANZACA/E14 Registraduria/General_Report_English_complete.pdf,False,El archivo mantiene su estructura íntegra,True,0
HALLAZGO PRINCIPAL.pdf,/media/andrea-zabala-c/ANZACA/E14 Registraduria/HALLAZGO PRINCIPAL.pdf,False,El archivo mantiene su estructura íntegra,False,0
HALLAZGOS FORENSES 6JUNIO.pdf,/media/andrea-zabala-c/ANZACA/E14 Registraduria/HALLAZGOS FORENSES 6JUNIO.pdf,False,El archivo mantiene su estructura íntegra,True,0
Invoice_87820024656-87820024666-87820024659-20260601.pdf,/media/andrea-zabala-c/ANZACA/E14 Registraduria/Invoice_87820024656-87820024666-87820024659-20260601.pdf,False,El archivo mantiene su estructura íntegra,False,0
Princh-Print.pdf,/media/andrea-zabala-c/ANZACA/E14 Registraduria/Princh-Print.pdf,False,El archivo mantiene su estructura íntegra,True,0
markdown-preview (1).pdf,/media/andrea-zabala-c/ANZACA/E14 Registraduria/markdown-preview (1).pdf,False,El archivo mantiene su estructura íntegra,False,0
psy315_v9_grading_rubrics.pdf,/media/andrea-zabala-c/ANZACA/E14 Registraduria/psy315_v9_grading_rubrics.pdf,False,El archivo mantiene su estructura íntegra,True,0
E14_XXX_X_88_360_035_02_000_X_XXX (1)_estructura.pdf,/media/andrea-zabala-c/ANZACA/E14 Registraduria/resultados/qpdf/E14_XXX_X_88_360_035_02_000_X_XXX (1)_estructura.pdf,False,El archivo mantiene su estructura íntegra,False,0
E14_XXX_X_88_360_035_02_000_X_XXX (10)_estructura.pdf,/media/andrea-zabala-c/ANZACA/E14 Registraduria/resultados/qpdf/E14_XXX_X_88_360_035_02_000_X_XXX (10)_estructura.pdf,False,El archivo mantiene su estructura íntegra,False,0
E14_XXX_X_88_360_035_02_000_X_XXX (11)_estructura.pdf,/media/andrea-zabala-c/ANZACA/E14 Registraduria/resultados/qpdf/E14_XXX_X_88_360_035_02_000_X_XXX (11)_estructura.pdf,False,El archivo mantiene su estructura íntegra,False,0
E14_XXX_X_88_360_035_02_000_X_XXX (12)_estructura.pdf,/media/andrea-zabala-c/ANZACA/E14 Registraduria/resultados/qpdf/E14_XXX_X_88_360_035_02_000_X_XXX (12)_estructura.pdf,False,El archivo mantiene su estructura íntegra,False,0
E14_XXX_X_88_360_035_02_000_X_XXX (13)_estructura.pdf,/media/andrea-zabala-c/ANZACA/E14 Registraduria/resultados/qpdf/E14_XXX_X_88_360_035_02_000_X_XXX (13)_estructura.pdf,False,El archivo mantiene su estructura íntegra,False,0
E14_XXX_X_88_360_035_02_000_X_XXX (14)_estructura.pdf,/media/andrea-zabala-c/ANZACA/E14 Registraduria/resultados/qpdf/E14_XXX_X_88_360_035_02_000_X_XXX (14)_estructura.pdf,False,El archivo mantiene su estructura íntegra,False,0
E14_XXX_X_88_360_035_02_000_X_XXX (15)_estructura.pdf,/media/andrea-zabala-c/ANZACA/E14 Registraduria/resultados/qpdf/E14_XXX_X_88_360_035_02_000_X_XXX (15)_estructura.pdf,False,El archivo mantiene su estructura íntegra,False,0
E14_XXX_X_88_360_035_02_000_X_XXX (16)_estructura.pdf,/media/andrea-zabala-c/ANZACA/E14 Registraduria/resultados/qpdf/E14_XXX_X_88_360_035_02_000_X_XXX (16)_estructura.pdf,False,El archivo mantiene su estructura íntegra,False,0
E14_XXX_X_88_360_035_02_000_X_XXX (17)_estructura.pdf,/media/andrea-zabala-c/ANZACA/E14 Registraduria/resultados/qpdf/E14_XXX_X_88_360_035_02_000_X_XXX (17)_estructura.pdf,False,El archivo mantiene su estructura íntegra,False,0
E14_XXX_X_88_360_035_02_000_X_XXX (18)_estructura.pdf,/media/andrea-zabala-c/ANZACA/E14 Registraduria/resultados/qpdf/E14_XXX_X_88_360_035_02_000_X_XXX (18)_estructura.pdf,False,El archivo mantiene su estructura íntegra,False,0
E14_XXX_X_88_360_035_02_000_X_XXX (2)_estructura.pdf,/media/andrea-zabala-c/ANZACA/E14 Registraduria/resultados/qpdf/E14_XXX_X_88_360_035_02_000_X_XXX (2)_estructura.pdf,False,El archivo mantiene su estructura íntegra,False,0
E14_XXX_X_88_360_035_02_000_X_XXX (3)_estructura.pdf,/media/andrea-zabala-c/ANZACA/E14 Registraduria/resultados/qpdf/E14_XXX_X_88_360_035_02_000_X_XXX (3)_estructura.pdf,False,El archivo mantiene su estructura íntegra,False,0
E14_XXX_X_88_360_035_02_000_X_XXX (4)_estructura.pdf,/media/andrea-zabala-c/ANZACA/E14 Registraduria/resultados/qpdf/E14_XXX_X_88_360_035_02_000_X_XXX (4)_estructura.pdf,False,El archivo mantiene su estructura íntegra,False,0
E14_XXX_X_88_360_035_02_000_X_XXX (5)_estructura.pdf,/media/andrea-zabala-c/ANZACA/E14 Registraduria/resultados/qpdf/E14_XXX_X_88_360_035_02_000_X_XXX (5)_estructura.pdf,False,El archivo mantiene su estructura íntegra,False,0
E14_XXX_X_88_360_035_02_000_X_XXX (6)_estructura.pdf,/media/andrea-zabala-c/ANZACA/E14 Registraduria/resultados/qpdf/E14_XXX_X_88_360_035_02_000_X_XXX (6)_estructura.pdf,False,El archivo mantiene su estructura íntegra,False,0
E14_XXX_X_88_360_035_02_000_X_XXX (7)_estructura.pdf,/media/andrea-zabala-c/ANZACA/E14 Registraduria/resultados/qpdf/E14_XXX_X_88_360_035_02_000_X_XXX (7)_estructura.pdf,False,El archivo mantiene su estructura íntegra,False,0
E14_XXX_X_88_360_035_02_000_X_XXX (8)_estructura.pdf,/media/andrea-zabala-c/ANZACA/E14 Registraduria/resultados/qpdf/E14_XXX_X_88_360_035_02_000_X_XXX (8)_estructura.pdf,False,El archivo mantiene su estructura íntegra,False,0
E14_XXX_X_88_360_035_02_000_X_XXX (9)_estructura.pdf,/media/andrea-zabala-c/ANZACA/E14 Registraduria/resultados/qpdf/E14_XXX_X_88_360_035_02_000_X_XXX (9)_estructura.pdf,False,El archivo mantiene su estructura íntegra,False,0
E14_XXX_X_88_360_035_02_000_X_XXX_estructura.pdf,/media/andrea-zabala-c/ANZACA/E14 Registraduria/resultados/qpdf/E14_XXX_X_88_360_035_02_000_X_XXX_estructura.pdf,False,El archivo mantiene su estructura íntegra,False,0
E14_XXX_X_88_360_035_04_000_X_XXX_estructura.pdf,/media/andrea-zabala-c/ANZACA/E14 Registraduria/resultados/qpdf/E14_XXX_X_88_360_035_04_000_X_XXX_estructura.pdf,False,El archivo mantiene su estructura íntegra,False,0
E14_XXX_X_88_360_035_05_000_X_XXX (1)_estructura.pdf,/media/andrea-zabala-c/ANZACA/E14 Registraduria/resultados/qpdf/E14_XXX_X_88_360_035_05_000_X_XXX (1)_estructura.pdf,False,El archivo mantiene su estructura íntegra,False,0
E14_XXX_X_88_360_035_05_000_X_XXX (2)_estructura.pdf,/media/andrea-zabala-c/ANZACA/E14 Registraduria/resultados/qpdf/E14_XXX_X_88_360_035_05_000_X_XXX (2)_estructura.pdf,False,El archivo mantiene su estructura íntegra,False,0
E14_XXX_X_88_360_035_05_000_X_XXX_estructura.pdf,/media/andrea-zabala-c/ANZACA/E14 Registraduria/resultados/qpdf/E14_XXX_X_88_360_035_05_000_X_XXX_estructura.pdf,False,El archivo mantiene su estructura íntegra,False,0
E14_XXX_X_88_360_035_06_000_X_XXX (1)_estructura.pdf,/media/andrea-zabala-c/ANZACA/E14 Registraduria/resultados/qpdf/E14_XXX_X_88_360_035_06_000_X_XXX (1)_estructura.pdf,False,El archivo mantiene su estructura íntegra,False,0
E14_XXX_X_88_360_035_06_000_X_XXX_estructura.pdf,/media/andrea-zabala-c/ANZACA/E14 Registraduria/resultados/qpdf/E14_XXX_X_88_360_035_06_000_X_XXX_estructura.pdf,False,El archivo mantiene su estructura íntegra,False,0
E14_XXX_X_88_360_035_81_000_X_XXX_estructura.pdf,/media/andrea-zabala-c/ANZACA/E14 Registraduria/resultados/qpdf/E14_XXX_X_88_360_035_81_000_X_XXX_estructura.pdf,False,El archivo mantiene su estructura íntegra,False,0
E14_XXX_X_88_360_035_82_000_X_XXX_estructura.pdf,/media/andrea-zabala-c/ANZACA/E14 Registraduria/resultados/qpdf/E14_XXX_X_88_360_035_82_000_X_XXX_estructura.pdf,False,El archivo mantiene su estructura íntegra,False,0
E14_XXX_X_88_360_035_83_000_X_XXX_estructura.pdf,/media/andrea-zabala-c/ANZACA/E14 Registraduria/resultados/qpdf/E14_XXX_X_88_360_035_83_000_X_XXX_estructura.pdf,False,El archivo mantiene su estructura íntegra,False,0
E14_XXX_X_88_360_035_84_000_X_XXX_estructura.pdf,/media/andrea-zabala-c/ANZACA/E14 Registraduria/resultados/qpdf/E14_XXX_X_88_360_035_84_000_X_XXX_estructura.pdf,False,El archivo mantiene su estructura íntegra,False,0
E14_XXX_X_88_360_035_85_000_X_XXX_estructura.pdf,/media/andrea-zabala-c/ANZACA/E14 Registraduria/resultados/qpdf/E14_XXX_X_88_360_035_85_000_X_XXX_estructura.pdf,False,El archivo mantiene su estructura íntegra,False,0
E14_XXX_X_88_360_035_86_000_X_XXX (1)_estructura.pdf,/media/andrea-zabala-c/ANZACA/E14 Registraduria/resultados/qpdf/E14_XXX_X_88_360_035_86_000_X_XXX (1)_estructura.pdf,False,El archivo mantiene su estructura íntegra,False,0
E14_XXX_X_88_360_035_86_000_X_XXX_estructura.pdf,/media/andrea-zabala-c/ANZACA/E14 Registraduria/resultados/qpdf/E14_XXX_X_88_360_035_86_000_X_XXX_estructura.pdf,False,El archivo mantiene su estructura íntegra,False,0
