Archivo_Mesa,Ubicacion_Origen,Cadena_Codigo_QR,Texto_Flujo_Contents,Capas_XObject
E14_XXX_X_88_360_035_02_000_X_XXX (1).pdf,ACTAS_ORIGINALES,NO_DECODIFICADO,SIN_TEXTO_INTERNO,3
E14_XXX_X_88_360_035_02_000_X_XXX (10).pdf,ACTAS_ORIGINALES,NO_DECODIFICADO,SIN_TEXTO_INTERNO,3
E14_XXX_X_88_360_035_02_000_X_XXX (11).pdf,ACTAS_ORIGINALES,NO_DECODIFICADO,SIN_TEXTO_INTERNO,3
E14_XXX_X_88_360_035_02_000_X_XXX (12).pdf,ACTAS_ORIGINALES,NO_DECODIFICADO,SIN_TEXTO_INTERNO,3
E14_XXX_X_88_360_035_02_000_X_XXX (13).pdf,ACTAS_ORIGINALES,NO_DECODIFICADO,SIN_TEXTO_INTERNO,3
E14_XXX_X_88_360_035_02_000_X_XXX (14).pdf,ACTAS_ORIGINALES,t9F1LToLY7o6jgcuaZMlidB4m5k7EpM3gC6WK9t+Aao=,SIN_TEXTO_INTERNO,3
E14_XXX_X_88_360_035_02_000_X_XXX (15).pdf,ACTAS_ORIGINALES,NO_DECODIFICADO,SIN_TEXTO_INTERNO,3
E14_XXX_X_88_360_035_02_000_X_XXX (16).pdf,ACTAS_ORIGINALES,a21BbEuJbiiWdNcHmY9KE5WtFoqq1FGggjJOLglu9Vs=,SIN_TEXTO_INTERNO,3
E14_XXX_X_88_360_035_02_000_X_XXX (17).pdf,ACTAS_ORIGINALES,NO_DECODIFICADO,SIN_TEXTO_INTERNO,3
E14_XXX_X_88_360_035_02_000_X_XXX (18).pdf,ACTAS_ORIGINALES,NO_DECODIFICADO,SIN_TEXTO_INTERNO,3
E14_XXX_X_88_360_035_02_000_X_XXX (2).pdf,ACTAS_ORIGINALES,NO_DECODIFICADO,SIN_TEXTO_INTERNO,3
E14_XXX_X_88_360_035_02_000_X_XXX (3).pdf,ACTAS_ORIGINALES,XZGKiGZvSMZYkmHZW0JXbZNisegjp4LGiFEVG8X8JKE=,SIN_TEXTO_INTERNO,3
E14_XXX_X_88_360_035_02_000_X_XXX (4).pdf,ACTAS_ORIGINALES,NO_DECODIFICADO,SIN_TEXTO_INTERNO,3
E14_XXX_X_88_360_035_02_000_X_XXX (5).pdf,ACTAS_ORIGINALES,NO_DECODIFICADO,SIN_TEXTO_INTERNO,3
E14_XXX_X_88_360_035_02_000_X_XXX (6).pdf,ACTAS_ORIGINALES,NO_DECODIFICADO,SIN_TEXTO_INTERNO,3
E14_XXX_X_88_360_035_02_000_X_XXX (7).pdf,ACTAS_ORIGINALES,s5h50NYuQvxyA4DAV/TnfVHVssMk80pr4OuN8Pc4TGg=,SIN_TEXTO_INTERNO,3
E14_XXX_X_88_360_035_02_000_X_XXX (8).pdf,ACTAS_ORIGINALES,NO_DECODIFICADO,SIN_TEXTO_INTERNO,3
E14_XXX_X_88_360_035_02_000_X_XXX (9).pdf,ACTAS_ORIGINALES,NO_DECODIFICADO,SIN_TEXTO_INTERNO,3
E14_XXX_X_88_360_035_02_000_X_XXX.pdf,ACTAS_ORIGINALES,aexpaTEcc7FT6mPAIU2GJHyGnJQJUeejRsjiRKgclZo=,SIN_TEXTO_INTERNO,3
E14_XXX_X_88_360_035_04_000_X_XXX.pdf,ACTAS_ORIGINALES,NO_DECODIFICADO,SIN_TEXTO_INTERNO,3
E14_XXX_X_88_360_035_05_000_X_XXX (1).pdf,ACTAS_ORIGINALES,NO_DECODIFICADO,SIN_TEXTO_INTERNO,3
E14_XXX_X_88_360_035_05_000_X_XXX (2).pdf,ACTAS_ORIGINALES,NO_DECODIFICADO,SIN_TEXTO_INTERNO,3
E14_XXX_X_88_360_035_05_000_X_XXX.pdf,ACTAS_ORIGINALES,ZWp169Ix+W9TBcCO+WsgLdq9hS+wMwyVAETLgu1t/wY=,SIN_TEXTO_INTERNO,3
E14_XXX_X_88_360_035_06_000_X_XXX (1).pdf,ACTAS_ORIGINALES,LMTS530rCcaX8gjtp/wYIGalhJr7Yvd7o/oae5rQlZA=,SIN_TEXTO_INTERNO,3
E14_XXX_X_88_360_035_06_000_X_XXX.pdf,ACTAS_ORIGINALES,NO_DECODIFICADO,SIN_TEXTO_INTERNO,3
E14_XXX_X_88_360_035_82_000_X_XXX.pdf,ACTAS_ORIGINALES,NO_DECODIFICADO,SIN_TEXTO_INTERNO,6
E14_XXX_X_88_360_035_83_000_X_XXX.pdf,ACTAS_ORIGINALES,NO_DECODIFICADO,SIN_TEXTO_INTERNO,6
E14_XXX_X_88_360_035_84_000_X_XXX.pdf,ACTAS_ORIGINALES,NO_DECODIFICADO,SIN_TEXTO_INTERNO,6
E14_XXX_X_88_360_035_85_000_X_XXX.pdf,ACTAS_ORIGINALES,NO_DECODIFICADO,SIN_TEXTO_INTERNO,6
E14_XXX_X_88_360_035_86_000_X_XXX (1).pdf,ACTAS_ORIGINALES,NO_DECODIFICADO,SIN_TEXTO_INTERNO,6
E14_XXX_X_88_360_035_86_000_X_XXX.pdf,ACTAS_ORIGINALES,NO_DECODIFICADO,SIN_TEXTO_INTERNO,6
E14_XXX_X_88_360_035_85_000_X_XXX (1).pdf,E14 Registraduria,NO_DECODIFICADO,SIN_TEXTO_INTERNO,6
E14_XXX_X_88_360_035_06_000_X_XXX (2).pdf,Nueva carpeta (1),LMTS530rCcaX8gjtp/wYIGalhJr7Yvd7o/oae5rQlZA=,SIN_TEXTO_INTERNO,4
E14_XXX_X_88_360_035_82_000_X_XXX.pdf,Nueva carpeta (1),NO_DECODIFICADO,SIN_TEXTO_INTERNO,6
E14_XXX_X_88_360_035_83_000_X_XXX (1).pdf,Nueva carpeta (1),NO_DECODIFICADO,SIN_TEXTO_INTERNO,6
E14_XXX_X_88_360_035_81_000_X_XXX-1.pdf,V_1junio,x7zgUrMhb7GTkUcjnzOMrDWVoBr6Bqm+fyzt9ua5lDI=,SIN_TEXTO_INTERNO,3
E14_XXX_X_88_360_035_81_000_X_XXX.pdf,V_1junio,NO_DECODIFICADO,SIN_TEXTO_INTERNO,6
E14_XXX_X_88_360_035_82_000_X_XXX-1.pdf,V_1junio,NO_DECODIFICADO,SIN_TEXTO_INTERNO,6
E14_XXX_X_88_360_035_82_000_X_XXX.pdf,V_1junio,NO_DECODIFICADO,SIN_TEXTO_INTERNO,6
E14_XXX_X_88_360_035_83_000_X_XXX.pdf,V_1junio,NO_DECODIFICADO,SIN_TEXTO_INTERNO,6
E14_XXX_X_88_360_035_84_000_X_XXX.pdf,V_1junio,NO_DECODIFICADO,SIN_TEXTO_INTERNO,6
E14_XXX_X_88_360_035_85_000_X_XXX-2.pdf,V_1junio,NO_DECODIFICADO,SIN_TEXTO_INTERNO,6
E14_XXX_X_88_360_035_86_000_X_XXX-1.pdf,V_1junio,NO_DECODIFICADO,SIN_TEXTO_INTERNO,6
E14_XXX_X_88_360_035_86_000_X_XXX-2.pdf,V_1junio,NO_DECODIFICADO,SIN_TEXTO_INTERNO,6
E14_XXX_X_88_360_035_86_000_X_XXX-3.pdf,V_1junio,NO_DECODIFICADO,SIN_TEXTO_INTERNO,6
E14_XXX_X_88_360_035_86_000_X_XXX.pdf,V_1junio,NO_DECODIFICADO,SIN_TEXTO_INTERNO,6
E14_XXX_X_88_360_035_81_000_X_XXX.pdf,V_4junio,x7zgUrMhb7GTkUcjnzOMrDWVoBr6Bqm+fyzt9ua5lDI=,SIN_TEXTO_INTERNO,3
E14_XXX_X_88_360_035_82_000_X_XXX.pdf,V_4junio,NO_DECODIFICADO,SIN_TEXTO_INTERNO,6
E14_XXX_X_88_360_035_83_000_X_XXX.pdf,V_4junio,NO_DECODIFICADO,SIN_TEXTO_INTERNO,6
E14_XXX_X_88_360_035_84_000_X_XXX.pdf,V_4junio,NO_DECODIFICADO,SIN_TEXTO_INTERNO,6
E14_XXX_X_88_360_035_85_000_X_XXX.pdf,V_4junio,NO_DECODIFICADO,SIN_TEXTO_INTERNO,6
E14_XXX_X_88_360_035_86_000_X_XXX (1).pdf,V_4junio,NO_DECODIFICADO,SIN_TEXTO_INTERNO,6
E14_XXX_X_88_360_035_86_000_X_XXX.pdf,V_4junio,NO_DECODIFICADO,SIN_TEXTO_INTERNO,6
E14_XXX_X_88_360_035_81_000_X_XXX-2.pdf,archivos,x7zgUrMhb7GTkUcjnzOMrDWVoBr6Bqm+fyzt9ua5lDI=,SIN_TEXTO_INTERNO,3
E14_XXX_X_88_360_035_82_000_X_XXX-2.pdf,archivos,NO_DECODIFICADO,SIN_TEXTO_INTERNO,6
E14_XXX_X_88_360_035_83_000_X_XXX-2.pdf,archivos,NO_DECODIFICADO,SIN_TEXTO_INTERNO,6
E14_XXX_X_88_360_035_84_000_X_XXX-1.pdf,archivos,NO_DECODIFICADO,SIN_TEXTO_INTERNO,6
E14_XXX_X_88_360_035_85_000_X_XXX-3.pdf,archivos,NO_DECODIFICADO,SIN_TEXTO_INTERNO,6
E14_XXX_X_88_360_035_86_000_X_XXX-4.pdf,archivos,NO_DECODIFICADO,SIN_TEXTO_INTERNO,6
E14_XXX_X_88_360_035_86_000_X_XXX-5.pdf,archivos,NO_DECODIFICADO,SIN_TEXTO_INTERNO,6
E14_XXX_X_88_360_035_02_000_X_XXX (1)_estructura.pdf,qpdf,NO_DECODIFICADO,SIN_TEXTO_INTERNO,3
E14_XXX_X_88_360_035_02_000_X_XXX (10)_estructura.pdf,qpdf,NO_DECODIFICADO,SIN_TEXTO_INTERNO,3
E14_XXX_X_88_360_035_02_000_X_XXX (11)_estructura.pdf,qpdf,NO_DECODIFICADO,SIN_TEXTO_INTERNO,3
E14_XXX_X_88_360_035_02_000_X_XXX (12)_estructura.pdf,qpdf,NO_DECODIFICADO,SIN_TEXTO_INTERNO,3
E14_XXX_X_88_360_035_02_000_X_XXX (13)_estructura.pdf,qpdf,NO_DECODIFICADO,SIN_TEXTO_INTERNO,3
E14_XXX_X_88_360_035_02_000_X_XXX (14)_estructura.pdf,qpdf,t9F1LToLY7o6jgcuaZMlidB4m5k7EpM3gC6WK9t+Aao=,SIN_TEXTO_INTERNO,3
E14_XXX_X_88_360_035_02_000_X_XXX (15)_estructura.pdf,qpdf,NO_DECODIFICADO,SIN_TEXTO_INTERNO,3
E14_XXX_X_88_360_035_02_000_X_XXX (16)_estructura.pdf,qpdf,a21BbEuJbiiWdNcHmY9KE5WtFoqq1FGggjJOLglu9Vs=,SIN_TEXTO_INTERNO,3
E14_XXX_X_88_360_035_02_000_X_XXX (17)_estructura.pdf,qpdf,NO_DECODIFICADO,SIN_TEXTO_INTERNO,3
E14_XXX_X_88_360_035_02_000_X_XXX (18)_estructura.pdf,qpdf,NO_DECODIFICADO,SIN_TEXTO_INTERNO,3
E14_XXX_X_88_360_035_02_000_X_XXX (2)_estructura.pdf,qpdf,NO_DECODIFICADO,SIN_TEXTO_INTERNO,3
E14_XXX_X_88_360_035_02_000_X_XXX (3)_estructura.pdf,qpdf,XZGKiGZvSMZYkmHZW0JXbZNisegjp4LGiFEVG8X8JKE=,SIN_TEXTO_INTERNO,3
E14_XXX_X_88_360_035_02_000_X_XXX (4)_estructura.pdf,qpdf,NO_DECODIFICADO,SIN_TEXTO_INTERNO,3
E14_XXX_X_88_360_035_02_000_X_XXX (5)_estructura.pdf,qpdf,NO_DECODIFICADO,SIN_TEXTO_INTERNO,3
E14_XXX_X_88_360_035_02_000_X_XXX (6)_estructura.pdf,qpdf,NO_DECODIFICADO,SIN_TEXTO_INTERNO,3
E14_XXX_X_88_360_035_02_000_X_XXX (7)_estructura.pdf,qpdf,s5h50NYuQvxyA4DAV/TnfVHVssMk80pr4OuN8Pc4TGg=,SIN_TEXTO_INTERNO,3
E14_XXX_X_88_360_035_02_000_X_XXX (8)_estructura.pdf,qpdf,NO_DECODIFICADO,SIN_TEXTO_INTERNO,3
E14_XXX_X_88_360_035_02_000_X_XXX (9)_estructura.pdf,qpdf,NO_DECODIFICADO,SIN_TEXTO_INTERNO,3
E14_XXX_X_88_360_035_02_000_X_XXX_estructura.pdf,qpdf,aexpaTEcc7FT6mPAIU2GJHyGnJQJUeejRsjiRKgclZo=,SIN_TEXTO_INTERNO,3
E14_XXX_X_88_360_035_04_000_X_XXX_estructura.pdf,qpdf,NO_DECODIFICADO,SIN_TEXTO_INTERNO,3
E14_XXX_X_88_360_035_05_000_X_XXX (1)_estructura.pdf,qpdf,NO_DECODIFICADO,SIN_TEXTO_INTERNO,3
E14_XXX_X_88_360_035_05_000_X_XXX (2)_estructura.pdf,qpdf,NO_DECODIFICADO,SIN_TEXTO_INTERNO,3
E14_XXX_X_88_360_035_05_000_X_XXX_estructura.pdf,qpdf,ZWp169Ix+W9TBcCO+WsgLdq9hS+wMwyVAETLgu1t/wY=,SIN_TEXTO_INTERNO,3
E14_XXX_X_88_360_035_06_000_X_XXX (1)_estructura.pdf,qpdf,LMTS530rCcaX8gjtp/wYIGalhJr7Yvd7o/oae5rQlZA=,SIN_TEXTO_INTERNO,3
E14_XXX_X_88_360_035_06_000_X_XXX_estructura.pdf,qpdf,NO_DECODIFICADO,SIN_TEXTO_INTERNO,3
E14_XXX_X_88_360_035_81_000_X_XXX_estructura.pdf,qpdf,x7zgUrMhb7GTkUcjnzOMrDWVoBr6Bqm+fyzt9ua5lDI=,SIN_TEXTO_INTERNO,3
E14_XXX_X_88_360_035_82_000_X_XXX_estructura.pdf,qpdf,NO_DECODIFICADO,SIN_TEXTO_INTERNO,6
E14_XXX_X_88_360_035_83_000_X_XXX_estructura.pdf,qpdf,NO_DECODIFICADO,SIN_TEXTO_INTERNO,6
E14_XXX_X_88_360_035_84_000_X_XXX_estructura.pdf,qpdf,NO_DECODIFICADO,SIN_TEXTO_INTERNO,6
E14_XXX_X_88_360_035_85_000_X_XXX_estructura.pdf,qpdf,NO_DECODIFICADO,SIN_TEXTO_INTERNO,6
E14_XXX_X_88_360_035_86_000_X_XXX (1)_estructura.pdf,qpdf,NO_DECODIFICADO,SIN_TEXTO_INTERNO,6
E14_XXX_X_88_360_035_86_000_X_XXX_estructura.pdf,qpdf,NO_DECODIFICADO,SIN_TEXTO_INTERNO,6
